{
"lengthUnit": "mil",
"remark": [],
"components": {
	"fields": ["COMPONENT_NO", "COMPONENT_NAME", "LAYER", "X_COORDINATE", "Y_COORDINATE", "ANGLE"],
	"rows": [
		[1, "C1", "T", -1603.9367, -680.9722, 270],
		[2, "C2", "T", -1630, -415, 90],
		[3, "C3", "T", -1630, -1100, 180],
		[4, "C4", "T", -1651.0822, -676.0633, 270],
		[5, "C5", "T", -1677.618, -417.0905, 90],
		[6, "C6", "T", -1900, -1140, 270],
		[7, "C7", "T", -1700.9722, -676.0633, 270],
		[8, "C8", "T", -1730, -415, 90],
		[9, "C9", "T", -1640, -550, 180],
		[10, "C10", "T", -1655, -295, 180],
		[11, "C11", "T", -875, -1555, 90],
		[12, "C12", "T", -775, -1715, 90],
		[13, "C13", "T", -855, -1670, 270],
		[14, "C14", "T", -230, -1705, 0],
		[15, "C15", "T", -715, -1715, 90],
		[16, "C16", "T", -570, -55, 90],
		[17, "C17", "T", -761.3745, -57.468, 270],
		[18, "C18", "T", -880, -5, 90],
		[19, "C19", "T", -830, -5, 90],
		[20, "C20", "T", -1205, 20, 270],
		[21, "C21", "T", -277.2248, -77.0905, 0],
		[22, "C22", "T", -1145, 20, 270],
		[23, "C23", "T", -277.2248, -126.8705, 0],
		[24, "C24", "T", -970, -1545, 180],
		[25, "C25", "B", -1390.8802, -1463.8603, 90],
		[26, "C26", "B", -1375, -1245, 270],
		[27, "CARD1", "B", -790, -1435, 180],
		[28, "Cin1", "T", -1775, 125, 180],
		[29, "CN1", "B", -1750, -1020, 90],
		[30, "Cout1", "T", -1840, -620, 90],
		[31, "Cout2", "T", -1840, -355, 270],
		[32, "D1", "T", -1510, -225, 0],
		[33, "D2", "T", -470, -1620, 180],
		[34, "D3", "T", -750, -1585, 90],
		[35, "D4", "T", -1520, -1455, 0],
		[36, "GNSS", "T", -690, 95, 90],
		[37, "L1", "T", -1825, -105, 270],
		[38, "L2", "T", -690, -55, 90],
		[39, "L3", "T", -1550, -1325, 90],
		[40, "NM", "T", -1420, -1710, 270],
		[41, "NS", "T", -1270, -1705, 90],
		[42, "PWR", "B", -1770, 45, 180],
		[43, "Q1", "T", -225, -1610, 180],
		[44, "Q2", "T", -370, -1590, 180],
		[45, "Q3", "T", -1260, -1555, 180],
		[46, "Q4", "T", -1528.153, -1591.9685, 180],
		[47, "Q5", "T", -1420, -1590, 180],
		[48, "Q6", "B", -1305, -1445, 270],
		[49, "Q7", "B", -1340, -1330, 0],
		[50, "R1", "T", -1635, -770, 90],
		[51, "R2", "T", -1765, -785, 180],
		[52, "R3", "T", -1685, -770, 270],
		[53, "R4", "T", -1855, -785, 180],
		[54, "R5", "T", -670, -1565, 90],
		[55, "R6", "T", -665, -1710, 90],
		[56, "R7", "T", -629.6865, -54.222, 270],
		[57, "R8", "T", -855, -80, 180],
		[58, "R9", "T", -1175, -55, 180],
		[59, "R10", "T", -200, -100, 90],
		[60, "R11", "T", -1165, -1630, 180],
		[61, "R12", "T", -1520, -1675, 0],
		[62, "R13", "T", -1350, -1660, 270],
		[63, "R14", "B", -1425, -1245, 90],
		[64, "R15", "B", -1320, -1250, 270],
		[65, "Rfbb1", "T", -1545, -140, 90],
		[66, "Rfbt1", "T", -1610, -140, 270],
		[67, "RFMAIN", "T", -1395, 65, 90],
		[68, "RST", "T", -410, -1705, 0],
		[69, "S", "T", -1615, -1710, 270],
		[70, "U1", "T", -1690, -115, 90],
		[71, "U2", "T", -1750, -950, 90],
		[72, "U3", "T", -865, -805, 90],
		[73, "USBC1", "T", -1725, -1435, 270],
		[74, "WIFI_BT", "T", -250, 90, 90],
		[75, "PAD1", "T", -155, -1305, 0],
		[76, "PAD1", "B", -155, -1305, 0],
		[77, "PAD2", "T", -155, -1405, 0],
		[78, "PAD2", "B", -155, -1405, 0],
		[79, "PAD3", "T", -155, -1205, 0],
		[80, "PAD3", "B", -155, -1205, 0],
		[81, "PAD4", "T", -1566.75, -550, 0],
		[82, "PAD5", "T", -1713.25, -550, 0],
		[83, "PAD6", "T", -1840, -529.74, 0],
		[84, "PAD7", "T", -1840, -710.26, 0],
		[85, "PAD8", "T", -1840, -445.26, 0],
		[86, "PAD9", "T", -1840, -264.74, 0],
		[87, "PAD10", "T", -724.41, -1622.4, 0],
		[88, "PAD11", "T", -750, -1622.4, 0],
		[89, "PAD12", "T", -775.59, -1622.4, 0],
		[90, "PAD13", "T", -775.59, -1547.6, 0],
		[91, "PAD14", "T", -750, -1547.6, 0],
		[92, "PAD15", "T", -724.41, -1547.6, 0],
		[93, "PAD16", "T", -1571.185, -1492.4, 0],
		[94, "PAD17", "T", -1571.185, -1417.6, 0],
		[95, "PAD18", "T", -1468.815, -1417.6, 0],
		[96, "PAD19", "T", -1468.815, -1455, 0],
		[97, "PAD20", "T", -1468.815, -1492.4, 0],
		[98, "PAD21", "T", -1454.05, 89.61, 0],
		[99, "PAD22", "T", -1395.05, 40.4, 0],
		[100, "PAD23", "T", -1335.94, 89.61, 0],
		[101, "PAD24", "T", -309.05, 114.61, 0],
		[102, "PAD25", "T", -250.05, 65.4, 0],
		[103, "PAD26", "T", -190.94, 114.61, 0],
		[104, "PAD27", "T", -749.05, 119.61, 0],
		[105, "PAD28", "T", -690.05, 70.4, 0],
		[106, "PAD29", "T", -630.94, 119.61, 0],
		[107, "PAD30", "T", -690, -27.44, 0],
		[108, "PAD31", "T", -690, -82.56, 0],
		[109, "PAD32", "T", -1565.704, -1360.463, 0],
		[110, "PAD33", "T", -1534.264, -1360.403, 0],
		[111, "PAD34", "T", -1534.236, -1289.557, 0],
		[112, "PAD35", "T", -1565.764, -1289.537, 0],
		[113, "PAD36", "T", -1825, -58.19, 0],
		[114, "PAD37", "T", -1825, -151.81, 0],
		[115, "PAD38", "T", -1270.003, -1671.54, 0],
		[116, "PAD39", "T", -1270.003, -1738.47, 0],
		[117, "PAD40", "T", -1615, -1741.475, 0],
		[118, "PAD41", "T", -1615, -1678.525, 0],
		[119, "PAD42", "T", -1194.66, -1630, 0],
		[120, "PAD43", "T", -1135.34, -1630, 0],
		[121, "PAD44", "T", -1490.34, -1675, 0],
		[122, "PAD45", "T", -1549.66, -1675, 0],
		[123, "PAD46", "T", -1350, -1689.66, 0],
		[124, "PAD47", "T", -1350, -1630.34, 0],
		[125, "PAD48", "T", -1610, -169.66, 0],
		[126, "PAD49", "T", -1610, -110.34, 0],
		[127, "PAD50", "T", -303.98, -362.09, 0],
		[128, "PAD51", "T", -303.98, -1129.8, 0],
		[129, "PAD52", "T", -303.98, -1078.62, 0],
		[130, "PAD53", "T", -303.98, -1027.44, 0],
		[131, "PAD54", "T", -303.98, -1180.98, 0],
		[132, "PAD55", "T", -303.98, -310.91, 0],
		[133, "PAD56", "T", -1426.02, -413.27, 0],
		[134, "PAD57", "T", -1426.02, -566.81, 0],
		[135, "PAD58", "T", -1426.02, -617.99, 0],
		[136, "PAD59", "T", -1426.02, -720.35, 0],
		[137, "PAD60", "T", -1426.02, -669.17, 0],
		[138, "PAD61", "T", -1426.02, -515.63, 0],
		[139, "PAD62", "T", -1426.02, -464.45, 0],
		[140, "PAD63", "T", -1426.02, -362.09, 0],
		[141, "PAD64", "T", -1426.02, -1180.98, 0],
		[142, "PAD65", "T", -1426.02, -1129.8, 0],
		[143, "PAD66", "T", -1426.02, -1078.62, 0],
		[144, "PAD67", "T", -1426.02, -873.9, 0],
		[145, "PAD68", "T", -1426.02, -1027.44, 0],
		[146, "PAD69", "T", -1426.02, -976.26, 0],
		[147, "PAD70", "T", -1426.02, -925.08, 0],
		[148, "PAD71", "T", -1426.02, -771.54, 0],
		[149, "PAD72", "T", -1426.02, -822.72, 0],
		[150, "PAD73", "T", -829.57, -184.92, 0],
		[151, "PAD74", "T", -778.39, -184.92, 0],
		[152, "PAD75", "T", -727.21, -184.92, 0],
		[153, "PAD76", "T", -624.84, -184.92, 0],
		[154, "PAD77", "T", -573.66, -184.92, 0],
		[155, "PAD78", "T", -880.75, -184.92, 0],
		[156, "PAD79", "T", -1053.98, -184.92, 0],
		[157, "PAD80", "T", -1105.16, -184.92, 0],
		[158, "PAD81", "T", -1156.34, -184.92, 0],
		[159, "PAD82", "T", -1207.52, -184.92, 0],
		[160, "PAD83", "T", -1258.7, -184.92, 0],
		[161, "PAD84", "T", -1309.88, -184.92, 0],
		[162, "PAD85", "T", -1361.07, -184.92, 0],
		[163, "PAD86", "T", -1361.06, -1425.07, 0],
		[164, "PAD87", "T", -1309.88, -1425.07, 0],
		[165, "PAD88", "T", -1258.7, -1425.07, 0],
		[166, "PAD89", "T", -1156.34, -1425.07, 0],
		[167, "PAD90", "T", -1105.16, -1425.07, 0],
		[168, "PAD91", "T", -1053.98, -1425.07, 0],
		[169, "PAD92", "T", -880.75, -1425.07, 0],
		[170, "PAD93", "T", -420.12, -1425.07, 0],
		[171, "PAD94", "T", -471.3, -1425.07, 0],
		[172, "PAD95", "T", -522.48, -1425.07, 0],
		[173, "PAD96", "T", -573.66, -1425.07, 0],
		[174, "PAD97", "T", -624.84, -1425.07, 0],
		[175, "PAD98", "T", -778.39, -1425.07, 0],
		[176, "PAD99", "T", -829.57, -1425.07, 0],
		[177, "PAD100", "T", -865, -608.15, 0],
		[178, "PAD101", "T", -865, -482.16, 0],
		[179, "PAD102", "T", -865, -1001.85, 0],
		[180, "PAD103", "T", -865, -1127.83, 0],
		[181, "PAD104", "T", -676.02, -608.15, 0],
		[182, "PAD105", "T", -676.02, -482.16, 0],
		[183, "PAD106", "T", -676.02, -867.99, 0],
		[184, "PAD107", "T", -676.02, -742.01, 0],
		[185, "PAD108", "T", -676.02, -1127.83, 0],
		[186, "PAD109", "T", -676.02, -1001.85, 0],
		[187, "PAD110", "T", -487.05, -1001.85, 0],
		[188, "PAD111", "T", -487.05, -1127.83, 0],
		[189, "PAD112", "T", -487.05, -742.01, 0],
		[190, "PAD113", "T", -487.05, -867.99, 0],
		[191, "PAD114", "T", -487.05, -482.16, 0],
		[192, "PAD115", "T", -487.05, -608.15, 0],
		[193, "PAD116", "T", -1242.95, -1001.85, 0],
		[194, "PAD117", "T", -1242.95, -1127.83, 0],
		[195, "PAD118", "T", -1242.95, -742.01, 0],
		[196, "PAD119", "T", -1242.95, -867.99, 0],
		[197, "PAD120", "T", -1242.95, -482.16, 0],
		[198, "PAD121", "T", -1242.95, -608.15, 0],
		[199, "PAD122", "T", -1053.98, -608.15, 0],
		[200, "PAD123", "T", -1053.98, -482.16, 0],
		[201, "PAD124", "T", -1053.98, -867.99, 0],
		[202, "PAD125", "T", -1053.98, -742.01, 0],
		[203, "PAD126", "T", -1053.98, -1127.83, 0],
		[204, "PAD127", "T", -1053.98, -1001.85, 0],
		[205, "PAD128", "T", -928, -773.5, 0],
		[206, "PAD129", "T", -1636.97, -1065.16, 0],
		[207, "PAD130", "T", -1636.97, -1039.57, 0],
		[208, "PAD131", "T", -1636.97, -1013.98, 0],
		[209, "PAD132", "T", -1636.97, -988.39, 0],
		[210, "PAD133", "T", -1636.97, -962.79, 0],
		[211, "PAD134", "T", -1636.97, -937.2, 0],
		[212, "PAD135", "T", -1636.97, -911.61, 0],
		[213, "PAD136", "T", -1636.97, -886.02, 0],
		[214, "PAD137", "T", -1636.97, -860.43, 0],
		[215, "PAD138", "T", -1636.97, -834.84, 0],
		[216, "PAD139", "T", -1863.03, -1065.16, 0],
		[217, "PAD140", "T", -1863.03, -1039.57, 0],
		[218, "PAD141", "T", -1863.03, -1013.98, 0],
		[219, "PAD142", "T", -1863.03, -988.39, 0],
		[220, "PAD143", "T", -1863.03, -962.79, 0],
		[221, "PAD144", "T", -1863.03, -937.2, 0],
		[222, "PAD145", "T", -1863.03, -911.61, 0],
		[223, "PAD146", "T", -1863.03, -886.02, 0],
		[224, "PAD147", "T", -1863.03, -860.43, 0],
		[225, "PAD148", "T", -1863.03, -834.84, 0],
		[226, "PAD149", "T", -1420, -1741.475, 0],
		[227, "PAD150", "T", -1420, -1678.525, 0],
		[228, "PAD151", "T", -1711.649, -146.5, 0],
		[229, "PAD152", "T", -1689.999, -140.59, 0],
		[230, "PAD153", "T", -1668.349, -146.5, 0],
		[231, "PAD154", "T", -1660.469, -83.5, 0],
		[232, "PAD155", "T", -1680.159, -83.5, 0],
		[233, "PAD156", "T", -1699.839, -83.5, 0],
		[234, "PAD157", "T", -1719.529, -83.5, 0],
		[235, "PAD158", "T", -442, -1620.2, 0],
		[236, "PAD159", "T", -498, -1619.8, 0],
		[237, "PAD160", "T", -1581.75, -295, 0],
		[238, "PAD161", "T", -1728.25, -295, 0],
		[239, "PAD162", "B", -599.845, -1172.33, 0],
		[240, "PAD163", "B", -649.845, -1172.32, 0],
		[241, "PAD164", "B", -699.845, -1172.32, 0],
		[242, "PAD165", "B", -799.845, -1172.32, 0],
		[243, "PAD166", "B", -849.845, -1172.32, 0],
		[244, "PAD167", "B", -887.245, -1172.32, 0],
		[245, "PAD168", "B", -534.095, -1225.24, 0],
		[246, "PAD169", "B", -1045.905, -1225.24, 0],
		[247, "PAD170", "B", -1045.905, -1697.68, 0],
		[248, "PAD171", "B", -534.095, -1697.68, 0],
		[249, "PAD172", "T", -1523.78, -225, 0],
		[250, "PAD173", "T", -1496.22, -225, 0],
		[251, "PAD174", "T", -1627.593, -1405.47, 0],
		[252, "PAD175", "T", -1627.593, -1425.16, 0],
		[253, "PAD176", "T", -1627.593, -1444.84, 0],
		[254, "PAD177", "T", -1627.593, -1464.53, 0],
		[255, "PAD178", "T", -1627.593, -1303.11, 0],
		[256, "PAD179", "T", -1627.593, -1314.92, 0],
		[257, "PAD180", "T", -1627.593, -1334.61, 0],
		[258, "PAD181", "T", -1627.593, -1346.42, 0],
		[259, "PAD182", "T", -1627.593, -1523.58, 0],
		[260, "PAD183", "T", -1627.593, -1535.4, 0],
		[261, "PAD184", "T", -1627.593, -1555.08, 0],
		[262, "PAD185", "T", -1627.593, -1566.89, 0],
		[263, "PAD186", "T", -1635, -752.96, 0],
		[264, "PAD187", "T", -1635, -787.04, 0],
		[265, "PAD188", "B", -1655.506, -870.003, 0],
		[266, "PAD189", "B", -1844.486, -870.003, 0],
		[267, "PAD190", "B", -1655.506, -970.003, 0],
		[268, "PAD191", "B", -1844.486, -970.003, 0],
		[269, "PAD192", "B", -1655.506, -1070.003, 0],
		[270, "PAD193", "B", -1844.486, -1070.003, 0],
		[271, "PAD194", "B", -1655.506, -1170.003, 0],
		[272, "PAD195", "B", -1844.486, -1170.003, 0],
		[273, "PAD196", "T", -1205, -1.46, 0],
		[274, "PAD197", "T", -1205, 41.46, 0],
		[275, "PAD198", "T", -1145, -1.46, 0],
		[276, "PAD199", "T", -1145, 41.46, 0],
		[277, "PAD200", "T", -255.7648, -77.0905, 0],
		[278, "PAD201", "T", -298.6848, -77.0905, 0],
		[279, "PAD202", "T", -255.7648, -126.8705, 0],
		[280, "PAD203", "T", -298.6848, -126.8705, 0],
		[281, "PAD204", "T", -830, 16.46, 0],
		[282, "PAD205", "T", -830, -26.46, 0],
		[283, "PAD206", "T", -880, 16.46, 0],
		[284, "PAD207", "T", -880, -26.46, 0],
		[285, "PAD208", "T", -1820, 45, 0],
		[286, "PAD208", "B", -1820, 45, 0],
		[287, "PAD209", "T", -1720, 45, 0],
		[288, "PAD209", "B", -1720, 45, 0],
		[289, "PAD210", "B", -1312.44, -1310.315, 0],
		[290, "PAD211", "B", -1312.44, -1349.685, 0],
		[291, "PAD212", "B", -1367.56, -1330.005, 0],
		[292, "PAD213", "T", -248.62, -1589.995, 0],
		[293, "PAD214", "T", -248.62, -1629.995, 0],
		[294, "PAD215", "T", -201.38, -1609.995, 0],
		[295, "PAD216", "T", -393.62, -1569.995, 0],
		[296, "PAD217", "T", -393.62, -1609.995, 0],
		[297, "PAD218", "T", -346.38, -1589.995, 0],
		[298, "PAD219", "T", -1283.62, -1534.995, 0],
		[299, "PAD220", "T", -1283.62, -1574.995, 0],
		[300, "PAD221", "T", -1236.38, -1554.995, 0],
		[301, "PAD222", "T", -1551.773, -1571.9635, 0],
		[302, "PAD223", "T", -1551.773, -1611.9635, 0],
		[303, "PAD224", "T", -1504.533, -1591.9635, 0],
		[304, "PAD225", "T", -1443.62, -1569.995, 0],
		[305, "PAD226", "T", -1443.62, -1609.995, 0],
		[306, "PAD227", "T", -1396.38, -1589.995, 0],
		[307, "PAD228", "B", -1284.995, -1468.62, 0],
		[308, "PAD229", "B", -1324.995, -1468.62, 0],
		[309, "PAD230", "B", -1304.995, -1421.38, 0],
		[310, "PAD231", "T", -1603.9367, -702.4322, 0],
		[311, "PAD232", "T", -1603.9367, -659.5122, 0],
		[312, "PAD233", "T", -1630, -393.54, 0],
		[313, "PAD234", "T", -1630, -436.46, 0],
		[314, "PAD235", "T", -1651.46, -1100, 0],
		[315, "PAD236", "T", -1608.54, -1100, 0],
		[316, "PAD237", "T", -1651.0822, -697.5233, 0],
		[317, "PAD238", "T", -1651.0822, -654.6033, 0],
		[318, "PAD239", "T", -1677.618, -395.6305, 0],
		[319, "PAD240", "T", -1677.618, -438.5505, 0],
		[320, "PAD241", "T", -1900, -1161.46, 0],
		[321, "PAD242", "T", -1900, -1118.54, 0],
		[322, "PAD243", "T", -1700.9722, -697.5233, 0],
		[323, "PAD244", "T", -1700.9722, -654.6033, 0],
		[324, "PAD245", "T", -1730, -393.54, 0],
		[325, "PAD246", "T", -1730, -436.46, 0],
		[326, "PAD247", "T", -875, -1533.54, 0],
		[327, "PAD248", "T", -875, -1576.46, 0],
		[328, "PAD249", "T", -775, -1693.54, 0],
		[329, "PAD250", "T", -775, -1736.46, 0],
		[330, "PAD251", "T", -855, -1691.46, 0],
		[331, "PAD252", "T", -855, -1648.54, 0],
		[332, "PAD253", "T", -202.44, -1705, 0],
		[333, "PAD254", "T", -257.56, -1705, 0],
		[334, "PAD255", "T", -715, -1693.54, 0],
		[335, "PAD256", "T", -715, -1736.46, 0],
		[336, "PAD257", "T", -570, -33.54, 0],
		[337, "PAD258", "T", -570, -76.46, 0],
		[338, "PAD259", "T", -761.3745, -85.028, 0],
		[339, "PAD260", "T", -761.3745, -29.908, 0],
		[340, "PAD261", "T", -997.56, -1545, 0],
		[341, "PAD262", "T", -942.44, -1545, 0],
		[342, "PAD263", "B", -1390.8802, -1436.3003, 0],
		[343, "PAD264", "B", -1390.8802, -1491.4203, 0],
		[344, "PAD265", "B", -1375, -1266.46, 0],
		[345, "PAD266", "B", -1375, -1223.54, 0],
		[346, "PAD267", "T", -1802.56, 125, 0],
		[347, "PAD268", "T", -1747.44, 125, 0],
		[348, "PAD269", "T", -1782.04, -785, 0],
		[349, "PAD270", "T", -1747.96, -785, 0],
		[350, "PAD271", "T", -1685, -787.04, 0],
		[351, "PAD272", "T", -1685, -752.96, 0],
		[352, "PAD273", "T", -1872.04, -785, 0],
		[353, "PAD274", "T", -1837.96, -785, 0],
		[354, "PAD275", "T", -670, -1547.96, 0],
		[355, "PAD276", "T", -670, -1582.04, 0],
		[356, "PAD277", "T", -665, -1692.96, 0],
		[357, "PAD278", "T", -665, -1727.04, 0],
		[358, "PAD279", "T", -629.6865, -83.882, 0],
		[359, "PAD280", "T", -629.6865, -24.562, 0],
		[360, "PAD281", "T", -872.04, -80, 0],
		[361, "PAD282", "T", -837.96, -80, 0],
		[362, "PAD283", "T", -1192.04, -55, 0],
		[363, "PAD284", "T", -1157.96, -55, 0],
		[364, "PAD285", "T", -200, -82.96, 0],
		[365, "PAD286", "T", -200, -117.04, 0],
		[366, "PAD287", "B", -1425, -1227.96, 0],
		[367, "PAD288", "B", -1425, -1262.04, 0],
		[368, "PAD289", "B", -1320, -1267.04, 0],
		[369, "PAD290", "B", -1320, -1232.96, 0],
		[370, "PAD291", "T", -1545, -110.34, 0],
		[371, "PAD292", "T", -1545, -169.66, 0],
		[372, "PAD293", "T", -496.02, -1705, 0],
		[373, "PAD294", "T", -323.98, -1705, 0]
	]
},
"pins": {
	"fields": ["PIN_NO", "PIN_NAME", "PIN_X", "PIN_Y", "LAYER", "PIN_TYPE", "NET_NAME", "NET_TYPE", "PAD_SHAPE", "PAD_SIZEX", "PAD_SIZEY", "HOLE_SIZE", "HOLE_LEN", "PAD_ANGLE"],
	"rows": [
		[1, "C1_1", -1603.9367, -659.5122, "T", "SMD", "VBAT", "", "R", 31.106, 21.26, 0, 0, 270],
		[2, "C1_2", -1603.9367, -702.4322, "T", "SMD", "GND", "GND", "R", 31.106, 21.26, 0, 0, 270],
		[3, "C2_1", -1630, -436.46, "T", "SMD", "VBAT", "", "R", 31.106, 21.26, 0, 0, 90],
		[4, "C2_2", -1630, -393.54, "T", "SMD", "GND", "GND", "R", 31.106, 21.26, 0, 0, 90],
		[5, "C3_1", -1608.54, -1100, "T", "SMD", "GND", "GND", "R", 31.106, 21.26, 0, 0, 180],
		[6, "C3_2", -1651.46, -1100, "T", "SMD", "VDD_EXT", "", "R", 31.106, 21.26, 0, 0, 180],
		[7, "C4_1", -1651.0822, -654.6033, "T", "SMD", "VBAT", "", "R", 31.106, 21.26, 0, 0, 270],
		[8, "C4_2", -1651.0822, -697.5233, "T", "SMD", "GND", "GND", "R", 31.106, 21.26, 0, 0, 270],
		[9, "C5_1", -1677.618, -438.5505, "T", "SMD", "VBAT", "", "R", 31.106, 21.26, 0, 0, 90],
		[10, "C5_2", -1677.618, -395.6305, "T", "SMD", "GND", "GND", "R", 31.106, 21.26, 0, 0, 90],
		[11, "C6_1", -1900, -1118.54, "T", "SMD", "MCC_VDD", "", "R", 31.106, 21.26, 0, 0, 270],
		[12, "C6_2", -1900, -1161.46, "T", "SMD", "GND", "GND", "R", 31.106, 21.26, 0, 0, 270],
		[13, "C7_1", -1700.9722, -654.6033, "T", "SMD", "VBAT", "", "R", 31.106, 21.26, 0, 0, 270],
		[14, "C7_2", -1700.9722, -697.5233, "T", "SMD", "GND", "GND", "R", 31.106, 21.26, 0, 0, 270],
		[15, "C8_1", -1730, -436.46, "T", "SMD", "VBAT", "", "R", 31.106, 21.26, 0, 0, 90],
		[16, "C8_2", -1730, -393.54, "T", "SMD", "GND", "GND", "R", 31.106, 21.26, 0, 0, 90],
		[17, "C9_1", -1566.75, -550, "T", "SMD", "VBAT", "", "R", 59.301, 93.543, 0, 0, 0],
		[18, "C9_2", -1713.25, -550, "T", "SMD", "GND", "GND", "R", 59.301, 93.543, 0, 0, 0],
		[19, "C10_1", -1581.75, -295, "T", "SMD", "VBAT", "", "R", 59.301, 93.543, 0, 0, 0],
		[20, "C10_2", -1728.25, -295, "T", "SMD", "GND", "GND", "R", 59.301, 93.543, 0, 0, 0],
		[21, "C11_1", -875, -1576.46, "T", "SMD", "SIM_VDD", "", "R", 31.106, 21.26, 0, 0, 90],
		[22, "C11_2", -875, -1533.54, "T", "SMD", "SIM_GND", "", "R", 31.106, 21.26, 0, 0, 90],
		[23, "C12_1", -775, -1736.46, "T", "SMD", "GND", "GND", "R", 31.106, 21.26, 0, 0, 90],
		[24, "C12_2", -775, -1693.54, "T", "SMD", "SIM_CLK", "", "R", 31.106, 21.26, 0, 0, 90],
		[25, "C13_1", -855, -1648.54, "T", "SMD", "GND", "GND", "R", 31.106, 21.26, 0, 0, 270],
		[26, "C13_2", -855, -1691.46, "T", "SMD", "SIM_RST", "", "R", 31.106, 21.26, 0, 0, 270],
		[27, "C14_1", -257.56, -1705, "T", "SMD", "GND", "GND", "R", 31.496, 35.433, 0, 0, 0],
		[28, "C14_2", -202.44, -1705, "T", "SMD", "PWRKEY", "", "R", 31.496, 35.433, 0, 0, 0],
		[29, "C15_1", -715, -1736.46, "T", "SMD", "GND", "GND", "R", 31.106, 21.26, 0, 0, 90],
		[30, "C15_2", -715, -1693.54, "T", "SMD", "SIM_DATA", "", "R", 31.106, 21.26, 0, 0, 90],
		[31, "C16_1", -570, -76.46, "T", "SMD", "GND", "GND", "R", 31.106, 21.26, 0, 0, 90],
		[32, "C16_2", -570, -33.54, "T", "SMD", "$1N68", "", "R", 31.106, 21.26, 0, 0, 90],
		[33, "C17_1", -761.3745, -29.908, "T", "SMD", "$1N42254", "", "R", 31.496, 35.433, 0, 0, 270],
		[34, "C17_2", -761.3745, -85.028, "T", "SMD", "$1N42256", "", "R", 31.496, 35.433, 0, 0, 270],
		[35, "C18_1", -880, -26.46, "T", "SMD", "GNSS_ANT", "", "R", 31.106, 21.26, 0, 0, 90],
		[36, "C18_2", -880, 16.46, "T", "SMD", "GND", "GND", "R", 31.106, 21.26, 0, 0, 90],
		[37, "C19_1", -830, -26.46, "T", "SMD", "$1N42256", "", "R", 31.106, 21.26, 0, 0, 90],
		[38, "C19_2", -830, 16.46, "T", "SMD", "GND", "GND", "R", 31.106, 21.26, 0, 0, 90],
		[39, "C20_1", -1205, 41.46, "T", "SMD", "GND", "GND", "R", 31.106, 21.26, 0, 0, 270],
		[40, "C20_2", -1205, -1.46, "T", "SMD", "$1N59", "", "R", 31.106, 21.26, 0, 0, 270],
		[41, "C21_1", -298.6848, -77.0905, "T", "SMD", "GND", "GND", "R", 31.106, 21.26, 0, 0, 0],
		[42, "C21_2", -255.7648, -77.0905, "T", "SMD", "$1N62", "", "R", 31.106, 21.26, 0, 0, 0],
		[43, "C22_1", -1145, 41.46, "T", "SMD", "GND", "GND", "R", 31.106, 21.26, 0, 0, 270],
		[44, "C22_2", -1145, -1.46, "T", "SMD", "RF_ANT", "", "R", 31.106, 21.26, 0, 0, 270],
		[45, "C23_1", -298.6848, -126.8705, "T", "SMD", "GND", "GND", "R", 31.106, 21.26, 0, 0, 0],
		[46, "C23_2", -255.7648, -126.8705, "T", "SMD", "NET_1", "", "R", 31.106, 21.26, 0, 0, 0],
		[47, "C24_1", -942.44, -1545, "T", "SMD", "GND", "GND", "R", 31.496, 35.433, 0, 0, 180],
		[48, "C24_2", -997.56, -1545, "T", "SMD", "VDD_EXT", "", "R", 31.496, 35.433, 0, 0, 180],
		[49, "C25_1", -1390.8802, -1491.4203, "B", "SMD", "GND", "GND", "R", 31.496, 35.433, 0, 0, 90],
		[50, "C25_2", -1390.8802, -1436.3003, "B", "SMD", "WAKEUP_IN", "", "R", 31.496, 35.433, 0, 0, 90],
		[51, "C26_1", -1375, -1223.54, "B", "SMD", "VDD_EXT", "", "R", 31.106, 21.26, 0, 0, 270],
		[52, "C26_2", -1375, -1266.46, "B", "SMD", "$3N13600", "", "R", 31.106, 21.26, 0, 0, 270],
		[53, "CARD1_8", -534.095, -1225.24, "B", "SMD", "GND", "GND", "R", 39.37, 82.677, 0, 0, 180],
		[54, "CARD1_9", -1045.905, -1225.24, "B", "SMD", "GND", "GND", "R", 39.37, 82.677, 0, 0, 180],
		[55, "CARD1_10", -1045.905, -1697.68, "B", "SMD", "GND", "GND", "R", 39.37, 82.677, 0, 0, 180],
		[56, "CARD1_11", -534.095, -1697.68, "B", "SMD", "GND", "GND", "R", 39.37, 82.677, 0, 0, 180],
		[57, "CARD1_C1", -799.845, -1172.32, "B", "SMD", "SIM_VDD", "", "R", 31.496, 51.181, 0, 0, 180],
		[58, "CARD1_C2", -699.845, -1172.32, "B", "SMD", "SIM_RST", "", "R", 31.496, 51.181, 0, 0, 180],
		[59, "CARD1_C3", -599.845, -1172.33, "B", "SMD", "SIM_CLK", "", "R", 31.496, 51.181, 0, 0, 180],
		[60, "CARD1_C5", -849.845, -1172.32, "B", "SMD", "SIM_GND", "", "R", 25.591, 51.181, 0, 0, 180],
		[61, "CARD1_C6", -749.845, -1172.32, "B", "SMD", "NET_2", "", "R", 31.496, 51.181, 0, 0, 180],
		[62, "CARD1_C7", -649.845, -1172.32, "B", "SMD", "SIM_DATA", "", "R", 31.496, 51.181, 0, 0, 180],
		[63, "CARD1_CD", -887.245, -1172.32, "B", "SMD", "SIM_DET", "", "R", 25.591, 51.181, 0, 0, 180],
		[64, "Cin1_1", -1747.44, 125, "T", "SMD", "GND", "GND", "R", 31.496, 35.433, 0, 0, 180],
		[65, "Cin1_2", -1802.56, 125, "T", "SMD", "VCC(5V)", "", "R", 31.496, 35.433, 0, 0, 180],
		[66, "CN1_1", -1844.486, -1170.003, "B", "SMD", "MCC_VDD", "", "R", 31.496, 125.984, 0, 0, 90],
		[67, "CN1_2", -1655.506, -1170.003, "B", "SMD", "MCU_RXD", "", "R", 31.496, 125.984, 0, 0, 90],
		[68, "CN1_3", -1844.486, -1070.003, "B", "SMD", "MCU_TXD", "", "R", 31.496, 125.984, 0, 0, 90],
		[69, "CN1_4", -1655.506, -1070.003, "B", "SMD", "MCU_DTR", "", "R", 31.496, 125.984, 0, 0, 90],
		[70, "CN1_5", -1844.486, -970.003, "B", "SMD", "MCU_RTS", "", "R", 31.496, 125.984, 0, 0, 90],
		[71, "CN1_6", -1655.506, -970.003, "B", "SMD", "MCU_CTS", "", "R", 31.496, 125.984, 0, 0, 90],
		[72, "CN1_7", -1844.486, -870.003, "B", "SMD", "MCU_DCD", "", "R", 31.496, 125.984, 0, 0, 90],
		[73, "CN1_8", -1655.506, -870.003, "B", "SMD", "MCU_RI", "", "R", 31.496, 125.984, 0, 0, 90],
		[74, "Cout1_1", -1840, -710.26, "T", "SMD", "GND", "GND", "R", 58.465, 136.063, 0, 0, 90],
		[75, "Cout1_2", -1840, -529.74, "T", "SMD", "VBAT", "", "R", 58.465, 136.063, 0, 0, 90],
		[76, "Cout2_1", -1840, -264.74, "T", "SMD", "GND", "GND", "R", 58.465, 136.063, 0, 0, 270],
		[77, "Cout2_2", -1840, -445.26, "T", "SMD", "VBAT", "", "R", 58.465, 136.063, 0, 0, 270],
		[78, "D1_1", -1523.78, -225, "T", "SMD", "VBAT", "", "R", 21.654, 11.811, 0, 0, 90],
		[79, "D1_2", -1496.22, -225, "T", "SMD", "GND", "GND", "R", 21.654, 11.811, 0, 0, 90],
		[80, "D2_1", -442, -1620.2, "T", "SMD", "RSTKEY", "", "P", 24, 19, 0, 0, 180],
		[81, "D2_2", -498, -1619.8, "T", "SMD", "GND", "GND", "P", 24, 19, 0, 0, 180],
		[82, "D3_1", -724.41, -1547.6, "T", "SMD", "SIM_DET", "", "R", 16.535, 23.622, 0, 0, 0],
		[83, "D3_2", -750, -1547.6, "T", "SMD", "GND", "GND", "R", 16.535, 23.622, 0, 0, 0],
		[84, "D3_3", -775.59, -1547.6, "T", "SMD", "SIM_VDD", "", "R", 16.535, 23.622, 0, 0, 0],
		[85, "D3_4", -775.59, -1622.4, "T", "SMD", "SIM_RST", "", "R", 16.535, 23.622, 0, 0, 180],
		[86, "D3_5", -750, -1622.4, "T", "SMD", "SIM_CLK", "", "R", 16.535, 23.622, 0, 0, 180],
		[87, "D3_6", -724.41, -1622.4, "T", "SMD", "SIM_DATA", "", "R", 16.535, 23.622, 0, 0, 180],
		[88, "D4_1", -1468.815, -1492.4, "T", "SMD", "GND", "GND", "R", 43.307, 23.622, 0, 0, 0],
		[89, "D4_2", -1468.815, -1455, "T", "SMD", "GND", "GND", "R", 43.307, 23.622, 0, 0, 0],
		[90, "D4_3", -1468.815, -1417.6, "T", "SMD", "GND", "GND", "R", 43.307, 23.622, 0, 0, 0],
		[91, "D4_4", -1571.185, -1417.6, "T", "SMD", "$3N3623", "", "R", 43.307, 23.622, 0, 0, 0],
		[92, "D4_5", -1571.185, -1492.4, "T", "SMD", "$3N3620", "", "R", 43.307, 23.622, 0, 0, 0],
		[93, "GNSS_1", -749.05, 119.61, "T", "SMD", "GND", "GND", "R", 43.307, 86.614, 0, 0, 0],
		[94, "GNSS_2", -690.05, 70.4, "T", "SMD", "$1N42254", "", "R", 59.055, 43.307, 0, 0, 90],
		[95, "GNSS_3", -630.94, 119.61, "T", "SMD", "GND", "GND", "R", 43.307, 86.614, 0, 0, 0],
		[96, "L1_1", -1825, -58.19, "T", "SMD", "VCC(5V)", "", "R", 47.244, 149.606, 0, 0, 270],
		[97, "L1_2", -1825, -151.81, "T", "SMD", "$1N56747", "", "R", 47.244, 149.606, 0, 0, 90],
		[98, "L2_1", -690, -27.44, "T", "SMD", "$1N42254", "", "R", 31.496, 34.016, 0, 0, 90],
		[99, "L2_2", -690, -82.56, "T", "SMD", "$1N67", "", "R", 31.496, 34.016, 0, 0, 90],
		[100, "L3_1", -1565.704, -1360.463, "T", "SMD", "$3N3620", "", "R", 15.748, 31.496, 0, 0, 180],
		[101, "L3_2", -1534.264, -1360.403, "T", "SMD", "$3N3623", "", "R", 15.748, 31.496, 0, 0, 180],
		[102, "L3_3", -1534.236, -1289.557, "T", "SMD", "USB_DP", "", "R", 15.748, 31.496, 0, 0, 180],
		[103, "L3_4", -1565.764, -1289.537, "T", "SMD", "USB_DM", "", "R", 15.748, 31.496, 0, 0, 180],
		[104, "NM_1", -1420, -1678.525, "T", "SMD", "$3N5937", "", "R", 31.496, 31.496, 0, 0, 0],
		[105, "NM_2", -1420, -1741.475, "T", "SMD", "VBAT", "", "R", 31.496, 31.496, 0, 0, 0],
		[106, "NS_1", -1270.003, -1738.47, "T", "SMD", "VBAT", "", "R", 39.37, 35.43, 0, 0, 0],
		[107, "NS_2", -1270.003, -1671.54, "T", "SMD", "$3N12540", "", "R", 39.37, 35.43, 0, 0, 0],
		[108, "PWR_1", -1820, 45, "T", "DIP", "VCC(5V)", "", "C", 66.929, 66.929, 39.37, 39.37, 0],
		[109, "PWR_1", -1820, 45, "B", "DIP", "VCC(5V)", "", "C", 66.929, 66.929, 39.37, 39.37, 0],
		[110, "PWR_2", -1720, 45, "T", "DIP", "GND", "GND", "C", 66.929, 66.929, 39.37, 39.37, 0],
		[111, "PWR_2", -1720, 45, "B", "DIP", "GND", "GND", "C", 66.929, 66.929, 39.37, 39.37, 0],
		[112, "Q1_1", -248.62, -1589.995, "T", "SMD", "PKEY", "", "R", 15.748, 27.56, 0, 0, 270],
		[113, "Q1_2", -248.62, -1629.995, "T", "SMD", "GND", "GND", "R", 15.748, 27.56, 0, 0, 270],
		[114, "Q1_3", -201.38, -1609.995, "T", "SMD", "PWRKEY", "", "R", 15.748, 27.56, 0, 0, 270],
		[115, "Q2_1", -393.62, -1569.995, "T", "SMD", "RKEY", "", "R", 15.748, 27.56, 0, 0, 270],
		[116, "Q2_2", -393.62, -1609.995, "T", "SMD", "GND", "GND", "R", 15.748, 27.56, 0, 0, 270],
		[117, "Q2_3", -346.38, -1589.995, "T", "SMD", "RSTKEY", "", "R", 15.748, 27.56, 0, 0, 270],
		[118, "Q3_1", -1283.62, -1534.995, "T", "SMD", "NW", "", "R", 15.748, 27.56, 0, 0, 270],
		[119, "Q3_2", -1283.62, -1574.995, "T", "SMD", "GND", "GND", "R", 15.748, 27.56, 0, 0, 270],
		[120, "Q3_3", -1236.38, -1554.995, "T", "SMD", "$3N12543", "", "R", 15.748, 27.56, 0, 0, 270],
		[121, "Q4_1", -1551.773, -1571.9635, "T", "SMD", "STATUS", "", "R", 15.748, 27.56, 0, 0, 270],
		[122, "Q4_2", -1551.773, -1611.9635, "T", "SMD", "GND", "GND", "R", 15.748, 27.56, 0, 0, 270],
		[123, "Q4_3", -1504.533, -1591.9635, "T", "SMD", "$3N15666", "", "R", 15.748, 27.56, 0, 0, 270],
		[124, "Q5_1", -1443.62, -1569.995, "T", "SMD", "NW_MODE", "", "R", 15.748, 27.56, 0, 0, 270],
		[125, "Q5_2", -1443.62, -1609.995, "T", "SMD", "GND", "GND", "R", 15.748, 27.56, 0, 0, 270],
		[126, "Q5_3", -1396.38, -1589.995, "T", "SMD", "$3N15711", "", "R", 15.748, 27.56, 0, 0, 270],
		[127, "Q6_1", -1284.995, -1468.62, "B", "SMD", "NET_3", "", "R", 15.748, 27.56, 0, 0, 180],
		[128, "Q6_2", -1324.995, -1468.62, "B", "SMD", "GND", "GND", "R", 15.748, 27.56, 0, 0, 180],
		[129, "Q6_3", -1304.995, -1421.38, "B", "SMD", "WAKEUP_IN", "", "R", 15.748, 27.56, 0, 0, 180],
		[130, "Q7_1", -1312.44, -1349.685, "B", "SMD", "NET_4", "", "R", 15.748, 27.56, 0, 0, 270],
		[131, "Q7_2", -1312.44, -1310.315, "B", "SMD", "$3N13600", "", "R", 15.748, 27.56, 0, 0, 270],
		[132, "Q7_3", -1367.56, -1330.005, "B", "SMD", "AP_READY", "", "R", 19.685, 27.56, 0, 0, 270],
		[133, "R1_1", -1635, -787.04, "T", "SMD", "$1N42291", "", "R", 22.27, 21.26, 0, 0, 90],
		[134, "R1_2", -1635, -752.96, "T", "SMD", "GND", "GND", "R", 22.27, 21.26, 0, 0, 90],
		[135, "R2_1", -1747.96, -785, "T", "SMD", "$1N42291", "", "R", 22.27, 21.26, 0, 0, 180],
		[136, "R2_2", -1782.04, -785, "T", "SMD", "VDD_EXT", "", "R", 22.27, 21.26, 0, 0, 180],
		[137, "R3_1", -1685, -752.96, "T", "SMD", "GND", "GND", "R", 22.27, 21.26, 0, 0, 270],
		[138, "R3_2", -1685, -787.04, "T", "SMD", "$1N42271", "", "R", 22.27, 21.26, 0, 0, 270],
		[139, "R4_1", -1837.96, -785, "T", "SMD", "$1N42272", "", "R", 22.27, 21.26, 0, 0, 180],
		[140, "R4_2", -1872.04, -785, "T", "SMD", "GND", "GND", "R", 22.27, 21.26, 0, 0, 180],
		[141, "R5_1", -670, -1582.04, "T", "SMD", "VDD_EXT", "", "R", 22.27, 21.26, 0, 0, 90],
		[142, "R5_2", -670, -1547.96, "T", "SMD", "SIM_DET", "", "R", 22.27, 21.26, 0, 0, 90],
		[143, "R6_1", -665, -1727.04, "T", "SMD", "SIM_VDD", "", "R", 22.27, 21.26, 0, 0, 90],
		[144, "R6_2", -665, -1692.96, "T", "SMD", "SIM_DATA", "", "R", 22.27, 21.26, 0, 0, 90],
		[145, "R7_1", -629.6865, -24.562, "T", "SMD", "$1N68", "", "R", 31.751, 34.016, 0, 0, 270],
		[146, "R7_2", -629.6865, -83.882, "T", "SMD", "$1N67", "", "R", 31.751, 34.016, 0, 0, 270],
		[147, "R8_1", -837.96, -80, "T", "SMD", "$1N42256", "", "R", 22.27, 21.26, 0, 0, 180],
		[148, "R8_2", -872.04, -80, "T", "SMD", "GNSS_ANT", "", "R", 22.27, 21.26, 0, 0, 180],
		[149, "R9_1", -1157.96, -55, "T", "SMD", "RF_ANT", "", "R", 22.27, 21.26, 0, 0, 180],
		[150, "R9_2", -1192.04, -55, "T", "SMD", "$1N59", "", "R", 22.27, 21.26, 0, 0, 180],
		[151, "R10_1", -200, -117.04, "T", "SMD", "NET_1", "", "R", 22.27, 21.26, 0, 0, 90],
		[152, "R10_2", -200, -82.96, "T", "SMD", "$1N62", "", "R", 22.27, 21.26, 0, 0, 90],
		[153, "R11_1", -1135.34, -1630, "T", "SMD", "$3N12540", "", "R", 31.751, 34.016, 0, 0, 0],
		[154, "R11_2", -1194.66, -1630, "T", "SMD", "$3N12543", "", "R", 31.751, 34.016, 0, 0, 0],
		[155, "R12_1", -1549.66, -1675, "T", "SMD", "$3N512", "", "R", 31.751, 34.016, 0, 0, 180],
		[156, "R12_2", -1490.34, -1675, "T", "SMD", "$3N15666", "", "R", 31.751, 34.016, 0, 0, 180],
		[157, "R13_1", -1350, -1630.34, "T", "SMD", "$3N15711", "", "R", 31.751, 34.016, 0, 0, 270],
		[158, "R13_2", -1350, -1689.66, "T", "SMD", "$3N5937", "", "R", 31.751, 34.016, 0, 0, 270],
		[159, "R14_1", -1425, -1262.04, "B", "SMD", "AP_READY", "", "R", 22.27, 21.26, 0, 0, 90],
		[160, "R14_2", -1425, -1227.96, "B", "SMD", "VDD_EXT", "", "R", 22.27, 21.26, 0, 0, 90],
		[161, "R15_1", -1320, -1232.96, "B", "SMD", "VDD_EXT", "", "R", 22.27, 21.26, 0, 0, 270],
		[162, "R15_2", -1320, -1267.04, "B", "SMD", "$3N13600", "", "R", 22.27, 21.26, 0, 0, 270],
		[163, "Rfbb1_1", -1545, -169.66, "T", "SMD", "GND", "GND", "R", 31.751, 34.016, 0, 0, 90],
		[164, "Rfbb1_2", -1545, -110.34, "T", "SMD", "$1N56691", "", "R", 31.751, 34.016, 0, 0, 90],
		[165, "Rfbt1_1", -1610, -110.34, "T", "SMD", "$1N56691", "", "R", 31.751, 34.016, 0, 0, 270],
		[166, "Rfbt1_2", -1610, -169.66, "T", "SMD", "VBAT", "", "R", 31.751, 34.016, 0, 0, 270],
		[167, "RFMAIN_1", -1454.05, 89.61, "T", "SMD", "GND", "GND", "R", 43.307, 86.614, 0, 0, 0],
		[168, "RFMAIN_2", -1395.05, 40.4, "T", "SMD", "$1N59", "", "R", 59.055, 43.307, 0, 0, 90],
		[169, "RFMAIN_3", -1335.94, 89.61, "T", "SMD", "GND", "GND", "R", 43.307, 86.614, 0, 0, 0],
		[170, "RST_1", -496.02, -1705, "T", "SMD", "GND", "GND", "R", 48.425, 53.543, 0, 0, 0],
		[171, "RST_2", -323.98, -1705, "T", "SMD", "RSTKEY", "", "R", 48.425, 53.543, 0, 0, 0],
		[172, "S_1", -1615, -1678.525, "T", "SMD", "$3N512", "", "R", 31.496, 31.496, 0, 0, 0],
		[173, "S_2", -1615, -1741.475, "T", "SMD", "VBAT", "", "R", 31.496, 31.496, 0, 0, 0],
		[174, "U1_1", -1711.649, -146.5, "T", "SMD", "GND", "GND", "R", 45.276, 13.78, 0, 0, 90],
		[175, "U1_2", -1689.999, -140.59, "T", "SMD", "$1N56747", "", "R", 57.087, 7.874, 0, 0, 90],
		[176, "U1_3", -1668.349, -146.5, "T", "SMD", "VBAT", "", "R", 45.276, 13.78, 0, 0, 90],
		[177, "U1_4", -1660.469, -83.5, "T", "SMD", "$1N56691", "", "R", 17.717, 9.843, 0, 0, 90],
		[178, "U1_5", -1680.159, -83.5, "T", "SMD", "VCC(5V)", "", "R", 17.717, 9.843, 0, 0, 90],
		[179, "U1_6", -1699.839, -83.5, "T", "SMD", "GND", "GND", "R", 17.717, 9.843, 0, 0, 90],
		[180, "U1_7", -1719.529, -83.5, "T", "SMD", "VCC(5V)", "", "R", 17.717, 9.843, 0, 0, 90],
		[181, "U2_1", -1636.97, -1065.16, "T", "SMD", "MAIN_RXD", "", "O", 14.331, 68.583, 0, 0, 90],
		[182, "U2_2", -1636.97, -1039.57, "T", "SMD", "VDD_EXT", "", "O", 14.331, 68.583, 0, 0, 90],
		[183, "U2_3", -1636.97, -1013.98, "T", "SMD", "MAIN_TXD", "", "O", 14.331, 68.583, 0, 0, 90],
		[184, "U2_4", -1636.97, -988.39, "T", "SMD", "MAIN_DTR", "", "O", 14.331, 68.583, 0, 0, 90],
		[185, "U2_5", -1636.97, -962.79, "T", "SMD", "MAIN_RTS", "", "O", 14.331, 68.583, 0, 0, 90],
		[186, "U2_6", -1636.97, -937.2, "T", "SMD", "MAIN_CTS", "", "O", 14.331, 68.583, 0, 0, 90],
		[187, "U2_7", -1636.97, -911.61, "T", "SMD", "MAIN_DCD", "", "O", 14.331, 68.583, 0, 0, 90],
		[188, "U2_8", -1636.97, -886.02, "T", "SMD", "MAIN_RI", "", "O", 14.331, 68.583, 0, 0, 90],
		[189, "U2_9", -1636.97, -860.43, "T", "SMD", "$1N42271", "", "O", 14.331, 68.583, 0, 0, 90],
		[190, "U2_10", -1636.97, -834.84, "T", "SMD", "$1N42291", "", "O", 14.331, 68.583, 0, 0, 90],
		[191, "U2_11", -1863.03, -834.84, "T", "SMD", "GND", "GND", "O", 14.331, 68.583, 0, 0, 90],
		[192, "U2_12", -1863.03, -860.43, "T", "SMD", "$1N42272", "", "O", 14.331, 68.583, 0, 0, 90],
		[193, "U2_13", -1863.03, -886.02, "T", "SMD", "MCU_RI", "", "O", 14.331, 68.583, 0, 0, 90],
		[194, "U2_14", -1863.03, -911.61, "T", "SMD", "MCU_DCD", "", "O", 14.331, 68.583, 0, 0, 90],
		[195, "U2_15", -1863.03, -937.2, "T", "SMD", "MCU_CTS", "", "O", 14.331, 68.583, 0, 0, 90],
		[196, "U2_16", -1863.03, -962.79, "T", "SMD", "MCU_RTS", "", "O", 14.331, 68.583, 0, 0, 90],
		[197, "U2_17", -1863.03, -988.39, "T", "SMD", "MCU_DTR", "", "O", 14.331, 68.583, 0, 0, 90],
		[198, "U2_18", -1863.03, -1013.98, "T", "SMD", "MCU_TXD", "", "O", 14.331, 68.583, 0, 0, 90],
		[199, "U2_19", -1863.03, -1039.57, "T", "SMD", "MCC_VDD", "", "O", 14.331, 68.583, 0, 0, 90],
		[200, "U2_20", -1863.03, -1065.16, "T", "SMD", "MCU_RXD", "", "O", 14.331, 68.583, 0, 0, 90],
		[201, "U3_1", -1361.06, -1425.07, "T", "SMD", "WAKEUP_IN", "", "R", 98.425, 31.496, 0, 0, 90],
		[202, "U3_2", -1309.88, -1425.07, "T", "SMD", "AP_READY", "", "R", 98.425, 31.496, 0, 0, 90],
		[203, "U3_3", -1258.7, -1425.07, "T", "SMD", "SLEEP_IND", "", "R", 98.425, 31.496, 0, 0, 90],
		[204, "U3_4", -1207.52, -1425.07, "T", "SMD", "NET_5", "", "R", 98.425, 31.496, 0, 0, 90],
		[205, "U3_5", -1156.34, -1425.07, "T", "SMD", "NW_MODE", "", "R", 98.425, 31.496, 0, 0, 90],
		[206, "U3_6", -1105.16, -1425.07, "T", "SMD", "NW", "", "R", 98.425, 31.496, 0, 0, 90],
		[207, "U3_7", -1053.98, -1425.07, "T", "SMD", "VDD_EXT", "", "R", 98.425, 31.496, 0, 0, 90],
		[208, "U3_8", -880.75, -1425.07, "T", "SMD", "GND", "GND", "R", 98.425, 31.496, 0, 0, 90],
		[209, "U3_9", -829.57, -1425.07, "T", "SMD", "GND", "GND", "R", 98.425, 31.496, 0, 0, 90],
		[210, "U3_10", -778.39, -1425.07, "T", "SMD", "SIM_GND", "", "R", 98.425, 31.496, 0, 0, 90],
		[211, "U3_11", -727.21, -1425.07, "T", "SMD", "NET_6", "", "R", 98.425, 31.496, 0, 0, 90],
		[212, "U3_12", -676.03, -1425.07, "T", "SMD", "NET_7", "", "R", 98.425, 31.496, 0, 0, 90],
		[213, "U3_13", -624.84, -1425.07, "T", "SMD", "SIM_DET", "", "R", 98.425, 31.496, 0, 0, 90],
		[214, "U3_14", -573.66, -1425.07, "T", "SMD", "SIM_VDD", "", "R", 98.425, 31.496, 0, 0, 90],
		[215, "U3_15", -522.48, -1425.07, "T", "SMD", "SIM_DATA", "", "R", 98.425, 31.496, 0, 0, 90],
		[216, "U3_16", -471.3, -1425.07, "T", "SMD", "SIM_CLK", "", "R", 98.425, 31.496, 0, 0, 90],
		[217, "U3_17", -420.12, -1425.07, "T", "SMD", "SIM_RST", "", "R", 98.425, 31.496, 0, 0, 90],
		[218, "U3_18", -368.94, -1425.08, "T", "SMD", "NET_8", "", "R", 98.425, 31.496, 0, 0, 90],
		[219, "U3_19", -303.98, -1180.98, "T", "SMD", "GND", "GND", "R", 31.496, 98.425, 0, 0, 90],
		[220, "U3_20", -303.98, -1129.8, "T", "SMD", "RSTKEY", "", "R", 31.496, 98.425, 0, 0, 90],
		[221, "U3_21", -303.98, -1078.62, "T", "SMD", "PWRKEY", "", "R", 31.496, 98.425, 0, 0, 90],
		[222, "U3_22", -303.98, -1027.44, "T", "SMD", "GND", "GND", "R", 31.496, 98.425, 0, 0, 90],
		[223, "U3_23", -303.98, -976.26, "T", "SMD", "NET_9", "", "R", 31.496, 98.425, 0, 0, 90],
		[224, "U3_24", -303.98, -925.08, "T", "SMD", "NET_10", "", "R", 31.496, 98.425, 0, 0, 90],
		[225, "U3_25", -303.98, -873.9, "T", "SMD", "NET_11", "", "R", 31.496, 98.425, 0, 0, 90],
		[226, "U3_26", -303.98, -822.72, "T", "SMD", "NET_12", "", "R", 31.496, 98.425, 0, 0, 90],
		[227, "U3_27", -303.98, -771.54, "T", "SMD", "NET_13", "", "R", 31.496, 98.425, 0, 0, 90],
		[228, "U3_28", -303.98, -720.35, "T", "SMD", "NET_14", "", "R", 31.496, 98.425, 0, 0, 90],
		[229, "U3_29", -303.98, -669.17, "T", "SMD", "NET_15", "", "R", 31.496, 98.425, 0, 0, 90],
		[230, "U3_30", -303.98, -617.99, "T", "SMD", "NET_16", "", "R", 31.496, 98.425, 0, 0, 90],
		[231, "U3_31", -303.98, -566.81, "T", "SMD", "NET_17", "", "R", 31.496, 98.425, 0, 0, 90],
		[232, "U3_32", -303.98, -515.63, "T", "SMD", "NET_18", "", "R", 31.496, 98.425, 0, 0, 90],
		[233, "U3_33", -303.98, -464.45, "T", "SMD", "NET_19", "", "R", 31.496, 98.425, 0, 0, 90],
		[234, "U3_34", -303.98, -413.27, "T", "SMD", "NET_20", "", "R", 31.496, 98.425, 0, 0, 90],
		[235, "U3_35", -303.98, -362.09, "T", "SMD", "NET_1", "", "R", 31.496, 98.425, 0, 0, 90],
		[236, "U3_36", -303.98, -310.91, "T", "SMD", "GND", "GND", "R", 31.496, 98.425, 0, 0, 90],
		[237, "U3_37", -368.94, -184.92, "T", "SMD", "NET_21", "", "R", 98.425, 31.496, 0, 0, 90],
		[238, "U3_38", -420.12, -184.92, "T", "SMD", "NET_22", "", "R", 98.425, 31.496, 0, 0, 90],
		[239, "U3_39", -471.3, -184.92, "T", "SMD", "NET_23", "", "R", 98.425, 31.496, 0, 0, 90],
		[240, "U3_40", -522.48, -184.92, "T", "SMD", "NET_24", "", "R", 98.425, 31.496, 0, 0, 90],
		[241, "U3_41", -573.66, -184.92, "T", "SMD", "I2C_SCL", "", "R", 98.425, 31.496, 0, 0, 90],
		[242, "U3_42", -624.84, -184.92, "T", "SMD", "I2C_SDA", "", "R", 98.425, 31.496, 0, 0, 90],
		[243, "U3_43", -676.03, -184.92, "T", "SMD", "NET_25", "", "R", 98.425, 31.496, 0, 0, 90],
		[244, "U3_44", -727.21, -184.92, "T", "SMD", "ADC1", "", "R", 98.425, 31.496, 0, 0, 90],
		[245, "U3_45", -778.39, -184.92, "T", "SMD", "ADC0", "", "R", 98.425, 31.496, 0, 0, 90],
		[246, "U3_46", -829.57, -184.92, "T", "SMD", "GND", "GND", "R", 98.425, 31.496, 0, 0, 90],
		[247, "U3_47", -880.75, -184.92, "T", "SMD", "GNSS_ANT", "", "R", 98.425, 31.496, 0, 0, 90],
		[248, "U3_48", -1053.98, -184.92, "T", "SMD", "GND", "GND", "R", 98.425, 31.496, 0, 0, 90],
		[249, "U3_49", -1105.16, -184.92, "T", "SMD", "RF_ANT", "", "R", 98.425, 31.496, 0, 0, 90],
		[250, "U3_50", -1156.34, -184.92, "T", "SMD", "GND", "GND", "R", 98.425, 31.496, 0, 0, 90],
		[251, "U3_51", -1207.52, -184.92, "T", "SMD", "GND", "GND", "R", 98.425, 31.496, 0, 0, 90],
		[252, "U3_52", -1258.7, -184.92, "T", "SMD", "GND", "GND", "R", 98.425, 31.496, 0, 0, 90],
		[253, "U3_53", -1309.88, -184.92, "T", "SMD", "GND", "GND", "R", 98.425, 31.496, 0, 0, 90],
		[254, "U3_54", -1361.07, -184.92, "T", "SMD", "GND", "GND", "R", 98.425, 31.496, 0, 0, 90],
		[255, "U3_55", -1426.02, -310.91, "T", "SMD", "NET_26", "", "R", 31.496, 98.425, 0, 0, 90],
		[256, "U3_56", -1426.02, -362.09, "T", "SMD", "GND", "GND", "R", 31.496, 98.425, 0, 0, 90],
		[257, "U3_57", -1426.02, -413.27, "T", "SMD", "VBAT", "", "R", 31.496, 98.425, 0, 0, 90],
		[258, "U3_58", -1426.02, -464.45, "T", "SMD", "VBAT", "", "R", 31.496, 98.425, 0, 0, 90],
		[259, "U3_59", -1426.02, -515.63, "T", "SMD", "VBAT", "", "R", 31.496, 98.425, 0, 0, 90],
		[260, "U3_60", -1426.02, -566.81, "T", "SMD", "VBAT", "", "R", 31.496, 98.425, 0, 0, 90],
		[261, "U3_61", -1426.02, -617.99, "T", "SMD", "STATUS", "", "R", 31.496, 98.425, 0, 0, 90],
		[262, "U3_62", -1426.02, -669.17, "T", "SMD", "MAIN_RI", "", "R", 31.496, 98.425, 0, 0, 90],
		[263, "U3_63", -1426.02, -720.35, "T", "SMD", "MAIN_DCD", "", "R", 31.496, 98.425, 0, 0, 90],
		[264, "U3_64", -1426.02, -771.54, "T", "SMD", "MAIN_CTS", "", "R", 31.496, 98.425, 0, 0, 90],
		[265, "U3_65", -1426.02, -822.72, "T", "SMD", "MAIN_RTS", "", "R", 31.496, 98.425, 0, 0, 90],
		[266, "U3_66", -1426.02, -873.9, "T", "SMD", "MAIN_DTR", "", "R", 31.496, 98.425, 0, 0, 90],
		[267, "U3_67", -1426.02, -925.08, "T", "SMD", "MAIN_TXD", "", "R", 31.496, 98.425, 0, 0, 90],
		[268, "U3_68", -1426.02, -976.26, "T", "SMD", "MAIN_RXD", "", "R", 31.496, 98.425, 0, 0, 90],
		[269, "U3_69", -1426.02, -1027.44, "T", "SMD", "USB_DP", "", "R", 31.496, 98.425, 0, 0, 90],
		[270, "U3_70", -1426.02, -1078.62, "T", "SMD", "USB_DM", "", "R", 31.496, 98.425, 0, 0, 90],
		[271, "U3_71", -1426.02, -1129.8, "T", "SMD", "VBUS", "", "R", 31.496, 98.425, 0, 0, 90],
		[272, "U3_72", -1426.02, -1180.98, "T", "SMD", "GND", "GND", "R", 31.496, 98.425, 0, 0, 90],
		[273, "U3_73", -928, -710.51, "T", "SMD", "NET_27", "", "R", 43.307, 43.307, 0, 0, 0],
		[274, "U3_74", -865, -710.51, "T", "SMD", "NET_28", "", "R", 43.307, 43.307, 0, 0, 0],
		[275, "U3_75", -802.01, -710.51, "T", "SMD", "NET_29", "", "R", 43.307, 43.307, 0, 0, 0],
		[276, "U3_76", -928, -773.5, "T", "SMD", "GND", "GND", "R", 43.307, 43.307, 0, 0, 0],
		[277, "U3_77", -865, -773.5, "T", "SMD", "NET_30", "", "R", 43.307, 43.307, 0, 0, 0],
		[278, "U3_78", -802.01, -773.5, "T", "SMD", "NET_31", "", "R", 43.307, 43.307, 0, 0, 0],
		[279, "U3_79", -928, -836.49, "T", "SMD", "NET_32", "", "R", 43.307, 43.307, 0, 0, 0],
		[280, "U3_80", -865, -836.49, "T", "SMD", "NET_33", "", "R", 43.307, 43.307, 0, 0, 0],
		[281, "U3_81", -802.01, -836.49, "T", "SMD", "NET_34", "", "R", 43.307, 43.307, 0, 0, 0],
		[282, "U3_82", -928, -899.49, "T", "SMD", "NET_35", "", "R", 43.307, 43.307, 0, 0, 0],
		[283, "U3_83", -865, -899.49, "T", "SMD", "NET_36", "", "R", 43.307, 43.307, 0, 0, 0],
		[284, "U3_84", -802.01, -899.49, "T", "SMD", "NET_37", "", "R", 43.307, 43.307, 0, 0, 0],
		[285, "U3_85", -1242.95, -482.16, "T", "SMD", "GND", "GND", "R", 78.74, 118.11, 0, 0, 90],
		[286, "U3_86", -1053.98, -482.16, "T", "SMD", "GND", "GND", "R", 78.74, 118.11, 0, 0, 90],
		[287, "U3_87", -865, -482.16, "T", "SMD", "GND", "GND", "R", 78.74, 118.11, 0, 0, 90],
		[288, "U3_88", -676.02, -482.16, "T", "SMD", "GND", "GND", "R", 78.74, 118.11, 0, 0, 90],
		[289, "U3_89", -487.05, -482.16, "T", "SMD", "GND", "GND", "R", 78.74, 118.11, 0, 0, 90],
		[290, "U3_90", -1242.95, -608.15, "T", "SMD", "GND", "GND", "R", 78.74, 118.11, 0, 0, 90],
		[291, "U3_91", -1053.98, -608.15, "T", "SMD", "GND", "GND", "R", 78.74, 118.11, 0, 0, 90],
		[292, "U3_92", -865, -608.15, "T", "SMD", "GND", "GND", "R", 78.74, 118.11, 0, 0, 90],
		[293, "U3_93", -676.02, -608.15, "T", "SMD", "GND", "GND", "R", 78.74, 118.11, 0, 0, 90],
		[294, "U3_94", -487.05, -608.15, "T", "SMD", "GND", "GND", "R", 78.74, 118.11, 0, 0, 90],
		[295, "U3_95", -1242.95, -742.01, "T", "SMD", "GND", "GND", "R", 78.74, 118.11, 0, 0, 90],
		[296, "U3_96", -1053.98, -742.01, "T", "SMD", "GND", "GND", "R", 78.74, 118.11, 0, 0, 90],
		[297, "U3_97", -676.02, -742.01, "T", "SMD", "GND", "GND", "R", 78.74, 118.11, 0, 0, 90],
		[298, "U3_98", -487.05, -742.01, "T", "SMD", "GND", "GND", "R", 78.74, 118.11, 0, 0, 90],
		[299, "U3_99", -1242.95, -867.99, "T", "SMD", "GND", "GND", "R", 78.74, 118.11, 0, 0, 90],
		[300, "U3_100", -1053.98, -867.99, "T", "SMD", "GND", "GND", "R", 78.74, 118.11, 0, 0, 90],
		[301, "U3_101", -676.02, -867.99, "T", "SMD", "GND", "GND", "R", 78.74, 118.11, 0, 0, 90],
		[302, "U3_102", -487.05, -867.99, "T", "SMD", "GND", "GND", "R", 78.74, 118.11, 0, 0, 90],
		[303, "U3_103", -1242.95, -1001.85, "T", "SMD", "GND", "GND", "R", 78.74, 118.11, 0, 0, 90],
		[304, "U3_104", -1053.98, -1001.85, "T", "SMD", "GND", "GND", "R", 78.74, 118.11, 0, 0, 90],
		[305, "U3_105", -865, -1001.85, "T", "SMD", "GND", "GND", "R", 78.74, 118.11, 0, 0, 90],
		[306, "U3_106", -676.02, -1001.85, "T", "SMD", "GND", "GND", "R", 78.74, 118.11, 0, 0, 90],
		[307, "U3_107", -487.05, -1001.85, "T", "SMD", "GND", "GND", "R", 78.74, 118.11, 0, 0, 90],
		[308, "U3_108", -1242.95, -1127.83, "T", "SMD", "GND", "GND", "P", 118.11, 78.74, 0, 0, 90],
		[309, "U3_109", -1053.98, -1127.83, "T", "SMD", "GND", "GND", "R", 78.74, 118.11, 0, 0, 90],
		[310, "U3_110", -865, -1127.83, "T", "SMD", "GND", "GND", "R", 78.74, 118.11, 0, 0, 90],
		[311, "U3_111", -676.02, -1127.83, "T", "SMD", "GND", "GND", "R", 78.74, 118.11, 0, 0, 90],
		[312, "U3_112", -487.05, -1127.83, "T", "SMD", "GND", "GND", "R", 78.74, 118.11, 0, 0, 90],
		[313, "U3_113", -1426.02, -1232.16, "T", "SMD", "NET_38", "", "R", 31.496, 98.425, 0, 0, 90],
		[314, "U3_114", -1426.03, -1283.35, "T", "SMD", "NET_39", "", "R", 31.496, 98.425, 0, 0, 90],
		[315, "U3_115", -303.98, -1232.17, "T", "SMD", "NET_40", "", "R", 31.496, 98.425, 0, 0, 90],
		[316, "U3_116", -303.98, -1283.34, "T", "SMD", "NET_41", "", "R", 31.496, 98.425, 0, 0, 90],
		[317, "U3_117", -1298.07, -1238.07, "T", "SMD", "NET_42", "", "R", 43.307, 43.307, 0, 0, 90],
		[318, "U3_118", -1219.33, -1238.07, "T", "SMD", "NET_43", "", "R", 43.307, 43.307, 0, 0, 90],
		[319, "U3_119", -1140.59, -1238.07, "T", "SMD", "NET_44", "", "R", 43.307, 43.307, 0, 0, 90],
		[320, "U3_120", -1061.85, -1238.07, "T", "SMD", "NET_45", "", "R", 43.307, 43.307, 0, 0, 90],
		[321, "U3_121", -983.11, -1238.07, "T", "SMD", "NET_46", "", "R", 43.307, 43.307, 0, 0, 90],
		[322, "U3_122", -904.37, -1238.07, "T", "SMD", "NET_47", "", "R", 43.307, 43.307, 0, 0, 90],
		[323, "U3_123", -825.63, -1238.07, "T", "SMD", "NET_48", "", "R", 43.307, 43.307, 0, 0, 90],
		[324, "U3_124", -746.89, -1238.07, "T", "SMD", "NET_49", "", "R", 43.307, 43.307, 0, 0, 90],
		[325, "U3_125", -668.15, -1238.07, "T", "SMD", "NET_50", "", "R", 43.307, 43.307, 0, 0, 90],
		[326, "U3_126", -589.41, -1238.07, "T", "SMD", "NET_51", "", "R", 43.307, 43.307, 0, 0, 90],
		[327, "U3_127", -510.67, -1238.07, "T", "SMD", "NET_52", "", "R", 43.307, 43.307, 0, 0, 90],
		[328, "U3_128", -431.93, -1238.07, "T", "SMD", "NET_53", "", "R", 43.307, 43.307, 0, 0, 90],
		[329, "U3_129", -1298.07, -1316.81, "T", "SMD", "NET_54", "", "R", 43.307, 43.307, 0, 0, 90],
		[330, "U3_130", -1219.33, -1316.81, "T", "SMD", "NET_55", "", "R", 43.307, 43.307, 0, 0, 90],
		[331, "U3_131", -1140.59, -1316.81, "T", "SMD", "NET_56", "", "R", 43.307, 43.307, 0, 0, 90],
		[332, "U3_132", -1061.85, -1316.81, "T", "SMD", "NET_57", "", "R", 43.307, 43.307, 0, 0, 90],
		[333, "U3_133", -983.11, -1316.81, "T", "SMD", "NET_58", "", "R", 43.307, 43.307, 0, 0, 90],
		[334, "U3_134", -904.37, -1316.81, "T", "SMD", "NET_59", "", "R", 43.307, 43.307, 0, 0, 90],
		[335, "U3_135", -825.63, -1316.81, "T", "SMD", "NET_60", "", "R", 43.307, 43.307, 0, 0, 90],
		[336, "U3_136", -746.89, -1316.81, "T", "SMD", "NET_61", "", "R", 43.307, 43.307, 0, 0, 90],
		[337, "U3_137", -668.15, -1316.81, "T", "SMD", "NET_62", "", "R", 43.307, 43.307, 0, 0, 90],
		[338, "U3_138", -589.41, -1316.81, "T", "SMD", "NET_63", "", "R", 43.307, 43.307, 0, 0, 90],
		[339, "U3_139", -510.67, -1316.81, "T", "SMD", "NET_64", "", "R", 43.307, 43.307, 0, 0, 90],
		[340, "U3_140", -431.93, -1316.81, "T", "SMD", "NET_65", "", "R", 43.307, 43.307, 0, 0, 90],
		[341, "U3_141", -983.11, -1425.07, "T", "SMD", "NET_66", "", "R", 98.425, 31.496, 0, 0, 90],
		[342, "U3_142", -931.93, -1425.07, "T", "SMD", "NET_67", "", "R", 98.425, 31.496, 0, 0, 90],
		[343, "U3_143", -931.93, -184.92, "T", "SMD", "NET_68", "", "R", 98.425, 31.496, 0, 0, 90],
		[344, "U3_144", -983.11, -184.92, "T", "SMD", "NET_69", "", "R", 98.425, 31.496, 0, 0, 90],
		[345, "USBC1_0", -1657.843, -1264.72, "T", "DIP", "NET_70", "", "O", 47.244, 78.74, 31.496, 62.993, 270],
		[346, "USBC1_0", -1657.843, -1264.72, "B", "DIP", "NET_70", "", "O", 47.244, 78.74, 31.496, 62.993, 270],
		[347, "USBC1_1", -1657.843, -1605.28, "T", "DIP", "NET_71", "", "O", 47.244, 78.74, 31.496, 62.991, 270],
		[348, "USBC1_1", -1657.843, -1605.28, "B", "DIP", "NET_71", "", "O", 47.244, 78.74, 31.496, 62.991, 270],
		[349, "USBC1_2", -1822.403, -1605.28, "T", "DIP", "NET_72", "", "O", 47.244, 70.866, 31.496, 55.118, 270],
		[350, "USBC1_2", -1822.403, -1605.28, "B", "DIP", "NET_72", "", "O", 47.244, 70.866, 31.496, 55.118, 270],
		[351, "USBC1_3", -1822.403, -1264.72, "T", "DIP", "NET_73", "", "O", 47.244, 70.866, 31.496, 55.118, 270],
		[352, "USBC1_3", -1822.403, -1264.72, "B", "DIP", "NET_73", "", "O", 47.244, 70.866, 31.496, 55.118, 270],
		[353, "USBC1_A1", -1627.593, -1303.11, "T", "SMD", "GND", "GND", "R", 11.811, 51.181, 0, 0, 270],
		[354, "USBC1_A12", -1627.593, -1566.89, "T", "SMD", "GND", "GND", "R", 11.811, 51.181, 0, 0, 270],
		[355, "USBC1_A4", -1627.593, -1334.61, "T", "SMD", "VBUS", "", "R", 11.811, 51.181, 0, 0, 270],
		[356, "USBC1_A5", -1627.593, -1385.79, "T", "SMD", "NET_74", "", "R", 11.811, 51.181, 0, 0, 270],
		[357, "USBC1_A6", -1627.593, -1425.16, "T", "SMD", "$3N3623", "", "R", 11.811, 51.181, 0, 0, 270],
		[358, "USBC1_A7", -1627.593, -1444.84, "T", "SMD", "$3N3620", "", "R", 11.811, 51.181, 0, 0, 270],
		[359, "USBC1_A8", -1627.593, -1484.2, "T", "SMD", "NET_75", "", "R", 11.811, 51.181, 0, 0, 270],
		[360, "USBC1_A9", -1627.593, -1535.4, "T", "SMD", "VBUS", "", "R", 11.811, 51.181, 0, 0, 270],
		[361, "USBC1_B1", -1627.593, -1555.08, "T", "SMD", "GND", "GND", "R", 11.811, 51.181, 0, 0, 270],
		[362, "USBC1_B12", -1627.593, -1314.92, "T", "SMD", "GND", "GND", "R", 11.811, 51.181, 0, 0, 270],
		[363, "USBC1_B4", -1627.593, -1523.58, "T", "SMD", "VBUS", "", "R", 11.811, 51.181, 0, 0, 270],
		[364, "USBC1_B5", -1627.593, -1503.9, "T", "SMD", "NET_76", "", "R", 11.811, 51.181, 0, 0, 270],
		[365, "USBC1_B6", -1627.593, -1464.53, "T", "SMD", "$3N3623", "", "R", 11.811, 51.181, 0, 0, 270],
		[366, "USBC1_B7", -1627.593, -1405.47, "T", "SMD", "$3N3620", "", "R", 11.811, 51.181, 0, 0, 270],
		[367, "USBC1_B8", -1627.593, -1366.1, "T", "SMD", "NET_77", "", "R", 11.811, 51.181, 0, 0, 270],
		[368, "USBC1_B9", -1627.593, -1346.42, "T", "SMD", "VBUS", "", "R", 11.811, 51.181, 0, 0, 270],
		[369, "WIFI_BT_1", -309.05, 114.61, "T", "SMD", "GND", "GND", "R", 43.307, 86.614, 0, 0, 0],
		[370, "WIFI_BT_2", -250.05, 65.4, "T", "SMD", "$1N62", "", "R", 59.055, 43.307, 0, 0, 90],
		[371, "WIFI_BT_3", -190.94, 114.61, "T", "SMD", "GND", "GND", "R", 43.307, 86.614, 0, 0, 0],
		[372, "PAD1_1", -155, -1305, "T", "DIP", "RKEY", "", "C", 78.7402, 78.7402, 47.2441, 47.2441, 0],
		[373, "PAD1_1", -155, -1305, "B", "DIP", "RKEY", "", "C", 78.7402, 78.7402, 47.2441, 47.2441, 0],
		[374, "PAD2_1", -155, -1405, "T", "DIP", "PKEY", "", "C", 78.7402, 78.7402, 47.2441, 47.2441, 0],
		[375, "PAD2_1", -155, -1405, "B", "DIP", "PKEY", "", "C", 78.7402, 78.7402, 47.2441, 47.2441, 0],
		[376, "PAD3_1", -155, -1205, "T", "DIP", "GND", "GND", "C", 78.7402, 78.7402, 47.2441, 47.2441, 0],
		[377, "PAD3_1", -155, -1205, "B", "DIP", "GND", "GND", "C", 78.7402, 78.7402, 47.2441, 47.2441, 0],
		[378, "PAD4_1", -1566.75, -550, "T", "SMD", "VBAT", "", "R", 59.301, 93.543, 0, 0, 0],
		[379, "PAD5_2", -1713.25, -550, "T", "SMD", "GND", "GND", "R", 59.301, 93.543, 0, 0, 0],
		[380, "PAD6_2", -1840, -529.74, "T", "SMD", "VBAT", "", "R", 58.465, 136.063, 0, 0, 90],
		[381, "PAD7_1", -1840, -710.26, "T", "SMD", "GND", "GND", "R", 58.465, 136.063, 0, 0, 90],
		[382, "PAD8_2", -1840, -445.26, "T", "SMD", "VBAT", "", "R", 58.465, 136.063, 0, 0, 270],
		[383, "PAD9_1", -1840, -264.74, "T", "SMD", "GND", "GND", "R", 58.465, 136.063, 0, 0, 270],
		[384, "PAD10_6", -724.41, -1622.4, "T", "SMD", "SIM_DATA", "", "R", 16.535, 23.622, 0, 0, 180],
		[385, "PAD11_5", -750, -1622.4, "T", "SMD", "SIM_CLK", "", "R", 16.535, 23.622, 0, 0, 180],
		[386, "PAD12_4", -775.59, -1622.4, "T", "SMD", "SIM_RST", "", "R", 16.535, 23.622, 0, 0, 180],
		[387, "PAD13_3", -775.59, -1547.6, "T", "SMD", "SIM_VDD", "", "R", 16.535, 23.622, 0, 0, 0],
		[388, "PAD14_2", -750, -1547.6, "T", "SMD", "GND", "GND", "R", 16.535, 23.622, 0, 0, 0],
		[389, "PAD15_1", -724.41, -1547.6, "T", "SMD", "SIM_DET", "", "R", 16.535, 23.622, 0, 0, 0],
		[390, "PAD16_5", -1571.185, -1492.4, "T", "SMD", "$3N3620", "", "R", 43.307, 23.622, 0, 0, 0],
		[391, "PAD17_4", -1571.185, -1417.6, "T", "SMD", "$3N3623", "", "R", 43.307, 23.622, 0, 0, 0],
		[392, "PAD18_3", -1468.815, -1417.6, "T", "SMD", "GND", "GND", "R", 43.307, 23.622, 0, 0, 0],
		[393, "PAD19_2", -1468.815, -1455, "T", "SMD", "GND", "GND", "R", 43.307, 23.622, 0, 0, 0],
		[394, "PAD20_1", -1468.815, -1492.4, "T", "SMD", "GND", "GND", "R", 43.307, 23.622, 0, 0, 0],
		[395, "PAD21_1", -1454.05, 89.61, "T", "SMD", "GND", "GND", "R", 43.307, 86.614, 0, 0, 0],
		[396, "PAD22_2", -1395.05, 40.4, "T", "SMD", "$1N59", "", "R", 59.055, 43.307, 0, 0, 90],
		[397, "PAD23_3", -1335.94, 89.61, "T", "SMD", "GND", "GND", "R", 43.307, 86.614, 0, 0, 0],
		[398, "PAD24_1", -309.05, 114.61, "T", "SMD", "GND", "GND", "R", 43.307, 86.614, 0, 0, 0],
		[399, "PAD25_2", -250.05, 65.4, "T", "SMD", "$1N62", "", "R", 59.055, 43.307, 0, 0, 90],
		[400, "PAD26_3", -190.94, 114.61, "T", "SMD", "GND", "GND", "R", 43.307, 86.614, 0, 0, 0],
		[401, "PAD27_1", -749.05, 119.61, "T", "SMD", "GND", "GND", "R", 43.307, 86.614, 0, 0, 0],
		[402, "PAD28_2", -690.05, 70.4, "T", "SMD", "$1N42254", "", "R", 59.055, 43.307, 0, 0, 90],
		[403, "PAD29_3", -630.94, 119.61, "T", "SMD", "GND", "GND", "R", 43.307, 86.614, 0, 0, 0],
		[404, "PAD30_1", -690, -27.44, "T", "SMD", "$1N42254", "", "R", 31.496, 34.016, 0, 0, 90],
		[405, "PAD31_2", -690, -82.56, "T", "SMD", "$1N67", "", "R", 31.496, 34.016, 0, 0, 90],
		[406, "PAD32_1", -1565.704, -1360.463, "T", "SMD", "$3N3620", "", "R", 15.748, 31.496, 0, 0, 180],
		[407, "PAD33_2", -1534.264, -1360.403, "T", "SMD", "$3N3623", "", "R", 15.748, 31.496, 0, 0, 180],
		[408, "PAD34_3", -1534.236, -1289.557, "T", "SMD", "USB_DP", "", "R", 15.748, 31.496, 0, 0, 180],
		[409, "PAD35_4", -1565.764, -1289.537, "T", "SMD", "USB_DM", "", "R", 15.748, 31.496, 0, 0, 180],
		[410, "PAD36_1", -1825, -58.19, "T", "SMD", "VCC(5V)", "", "R", 47.244, 149.606, 0, 0, 270],
		[411, "PAD37_2", -1825, -151.81, "T", "SMD", "$1N56747", "", "R", 47.244, 149.606, 0, 0, 90],
		[412, "PAD38_2", -1270.003, -1671.54, "T", "SMD", "$3N12540", "", "R", 39.37, 35.43, 0, 0, 0],
		[413, "PAD39_1", -1270.003, -1738.47, "T", "SMD", "VBAT", "", "R", 39.37, 35.43, 0, 0, 0],
		[414, "PAD40_2", -1615, -1741.475, "T", "SMD", "VBAT", "", "R", 31.496, 31.496, 0, 0, 0],
		[415, "PAD41_1", -1615, -1678.525, "T", "SMD", "$3N512", "", "R", 31.496, 31.496, 0, 0, 0],
		[416, "PAD42_2", -1194.66, -1630, "T", "SMD", "$3N12543", "", "R", 31.751, 34.016, 0, 0, 0],
		[417, "PAD43_1", -1135.34, -1630, "T", "SMD", "$3N12540", "", "R", 31.751, 34.016, 0, 0, 0],
		[418, "PAD44_2", -1490.34, -1675, "T", "SMD", "$3N15666", "", "R", 31.751, 34.016, 0, 0, 180],
		[419, "PAD45_1", -1549.66, -1675, "T", "SMD", "$3N512", "", "R", 31.751, 34.016, 0, 0, 180],
		[420, "PAD46_2", -1350, -1689.66, "T", "SMD", "$3N5937", "", "R", 31.751, 34.016, 0, 0, 270],
		[421, "PAD47_1", -1350, -1630.34, "T", "SMD", "$3N15711", "", "R", 31.751, 34.016, 0, 0, 270],
		[422, "PAD48_2", -1610, -169.66, "T", "SMD", "VBAT", "", "R", 31.751, 34.016, 0, 0, 270],
		[423, "PAD49_1", -1610, -110.34, "T", "SMD", "$1N56691", "", "R", 31.751, 34.016, 0, 0, 270],
		[424, "PAD50_35", -303.98, -362.09, "T", "SMD", "NET_1", "", "R", 31.496, 98.425, 0, 0, 90],
		[425, "PAD51_20", -303.98, -1129.8, "T", "SMD", "RSTKEY", "", "R", 31.496, 98.425, 0, 0, 90],
		[426, "PAD52_21", -303.98, -1078.62, "T", "SMD", "PWRKEY", "", "R", 31.496, 98.425, 0, 0, 90],
		[427, "PAD53_22", -303.98, -1027.44, "T", "SMD", "GND", "GND", "R", 31.496, 98.425, 0, 0, 90],
		[428, "PAD54_19", -303.98, -1180.98, "T", "SMD", "GND", "GND", "R", 31.496, 98.425, 0, 0, 90],
		[429, "PAD55_36", -303.98, -310.91, "T", "SMD", "GND", "GND", "R", 31.496, 98.425, 0, 0, 90],
		[430, "PAD56_57", -1426.02, -413.27, "T", "SMD", "VBAT", "", "R", 31.496, 98.425, 0, 0, 90],
		[431, "PAD57_60", -1426.02, -566.81, "T", "SMD", "VBAT", "", "R", 31.496, 98.425, 0, 0, 90],
		[432, "PAD58_61", -1426.02, -617.99, "T", "SMD", "STATUS", "", "R", 31.496, 98.425, 0, 0, 90],
		[433, "PAD59_63", -1426.02, -720.35, "T", "SMD", "MAIN_DCD", "", "R", 31.496, 98.425, 0, 0, 90],
		[434, "PAD60_62", -1426.02, -669.17, "T", "SMD", "MAIN_RI", "", "R", 31.496, 98.425, 0, 0, 90],
		[435, "PAD61_59", -1426.02, -515.63, "T", "SMD", "VBAT", "", "R", 31.496, 98.425, 0, 0, 90],
		[436, "PAD62_58", -1426.02, -464.45, "T", "SMD", "VBAT", "", "R", 31.496, 98.425, 0, 0, 90],
		[437, "PAD63_56", -1426.02, -362.09, "T", "SMD", "GND", "GND", "R", 31.496, 98.425, 0, 0, 90],
		[438, "PAD64_72", -1426.02, -1180.98, "T", "SMD", "GND", "GND", "R", 31.496, 98.425, 0, 0, 90],
		[439, "PAD65_71", -1426.02, -1129.8, "T", "SMD", "VBUS", "", "R", 31.496, 98.425, 0, 0, 90],
		[440, "PAD66_70", -1426.02, -1078.62, "T", "SMD", "USB_DM", "", "R", 31.496, 98.425, 0, 0, 90],
		[441, "PAD67_66", -1426.02, -873.9, "T", "SMD", "MAIN_DTR", "", "R", 31.496, 98.425, 0, 0, 90],
		[442, "PAD68_69", -1426.02, -1027.44, "T", "SMD", "USB_DP", "", "R", 31.496, 98.425, 0, 0, 90],
		[443, "PAD69_68", -1426.02, -976.26, "T", "SMD", "MAIN_RXD", "", "R", 31.496, 98.425, 0, 0, 90],
		[444, "PAD70_67", -1426.02, -925.08, "T", "SMD", "MAIN_TXD", "", "R", 31.496, 98.425, 0, 0, 90],
		[445, "PAD71_64", -1426.02, -771.54, "T", "SMD", "MAIN_CTS", "", "R", 31.496, 98.425, 0, 0, 90],
		[446, "PAD72_65", -1426.02, -822.72, "T", "SMD", "MAIN_RTS", "", "R", 31.496, 98.425, 0, 0, 90],
		[447, "PAD73_46", -829.57, -184.92, "T", "SMD", "GND", "GND", "R", 98.425, 31.496, 0, 0, 90],
		[448, "PAD74_45", -778.39, -184.92, "T", "SMD", "ADC0", "", "R", 98.425, 31.496, 0, 0, 90],
		[449, "PAD75_44", -727.21, -184.92, "T", "SMD", "ADC1", "", "R", 98.425, 31.496, 0, 0, 90],
		[450, "PAD76_42", -624.84, -184.92, "T", "SMD", "I2C_SDA", "", "R", 98.425, 31.496, 0, 0, 90],
		[451, "PAD77_41", -573.66, -184.92, "T", "SMD", "I2C_SCL", "", "R", 98.425, 31.496, 0, 0, 90],
		[452, "PAD78_47", -880.75, -184.92, "T", "SMD", "GNSS_ANT", "", "R", 98.425, 31.496, 0, 0, 90],
		[453, "PAD79_48", -1053.98, -184.92, "T", "SMD", "GND", "GND", "R", 98.425, 31.496, 0, 0, 90],
		[454, "PAD80_49", -1105.16, -184.92, "T", "SMD", "RF_ANT", "", "R", 98.425, 31.496, 0, 0, 90],
		[455, "PAD81_50", -1156.34, -184.92, "T", "SMD", "GND", "GND", "R", 98.425, 31.496, 0, 0, 90],
		[456, "PAD82_51", -1207.52, -184.92, "T", "SMD", "GND", "GND", "R", 98.425, 31.496, 0, 0, 90],
		[457, "PAD83_52", -1258.7, -184.92, "T", "SMD", "GND", "GND", "R", 98.425, 31.496, 0, 0, 90],
		[458, "PAD84_53", -1309.88, -184.92, "T", "SMD", "GND", "GND", "R", 98.425, 31.496, 0, 0, 90],
		[459, "PAD85_54", -1361.07, -184.92, "T", "SMD", "GND", "GND", "R", 98.425, 31.496, 0, 0, 90],
		[460, "PAD86_1", -1361.06, -1425.07, "T", "SMD", "WAKEUP_IN", "", "R", 98.425, 31.496, 0, 0, 90],
		[461, "PAD87_2", -1309.88, -1425.07, "T", "SMD", "AP_READY", "", "R", 98.425, 31.496, 0, 0, 90],
		[462, "PAD88_3", -1258.7, -1425.07, "T", "SMD", "SLEEP_IND", "", "R", 98.425, 31.496, 0, 0, 90],
		[463, "PAD89_5", -1156.34, -1425.07, "T", "SMD", "NW_MODE", "", "R", 98.425, 31.496, 0, 0, 90],
		[464, "PAD90_6", -1105.16, -1425.07, "T", "SMD", "NW", "", "R", 98.425, 31.496, 0, 0, 90],
		[465, "PAD91_7", -1053.98, -1425.07, "T", "SMD", "VDD_EXT", "", "R", 98.425, 31.496, 0, 0, 90],
		[466, "PAD92_8", -880.75, -1425.07, "T", "SMD", "GND", "GND", "R", 98.425, 31.496, 0, 0, 90],
		[467, "PAD93_17", -420.12, -1425.07, "T", "SMD", "SIM_RST", "", "R", 98.425, 31.496, 0, 0, 90],
		[468, "PAD94_16", -471.3, -1425.07, "T", "SMD", "SIM_CLK", "", "R", 98.425, 31.496, 0, 0, 90],
		[469, "PAD95_15", -522.48, -1425.07, "T", "SMD", "SIM_DATA", "", "R", 98.425, 31.496, 0, 0, 90],
		[470, "PAD96_14", -573.66, -1425.07, "T", "SMD", "SIM_VDD", "", "R", 98.425, 31.496, 0, 0, 90],
		[471, "PAD97_13", -624.84, -1425.07, "T", "SMD", "SIM_DET", "", "R", 98.425, 31.496, 0, 0, 90],
		[472, "PAD98_10", -778.39, -1425.07, "T", "SMD", "SIM_GND", "", "R", 98.425, 31.496, 0, 0, 90],
		[473, "PAD99_9", -829.57, -1425.07, "T", "SMD", "GND", "GND", "R", 98.425, 31.496, 0, 0, 90],
		[474, "PAD100_92", -865, -608.15, "T", "SMD", "GND", "GND", "R", 78.74, 118.11, 0, 0, 90],
		[475, "PAD101_87", -865, -482.16, "T", "SMD", "GND", "GND", "R", 78.74, 118.11, 0, 0, 90],
		[476, "PAD102_105", -865, -1001.85, "T", "SMD", "GND", "GND", "R", 78.74, 118.11, 0, 0, 90],
		[477, "PAD103_110", -865, -1127.83, "T", "SMD", "GND", "GND", "R", 78.74, 118.11, 0, 0, 90],
		[478, "PAD104_93", -676.02, -608.15, "T", "SMD", "GND", "GND", "R", 78.74, 118.11, 0, 0, 90],
		[479, "PAD105_88", -676.02, -482.16, "T", "SMD", "GND", "GND", "R", 78.74, 118.11, 0, 0, 90],
		[480, "PAD106_101", -676.02, -867.99, "T", "SMD", "GND", "GND", "R", 78.74, 118.11, 0, 0, 90],
		[481, "PAD107_97", -676.02, -742.01, "T", "SMD", "GND", "GND", "R", 78.74, 118.11, 0, 0, 90],
		[482, "PAD108_111", -676.02, -1127.83, "T", "SMD", "GND", "GND", "R", 78.74, 118.11, 0, 0, 90],
		[483, "PAD109_106", -676.02, -1001.85, "T", "SMD", "GND", "GND", "R", 78.74, 118.11, 0, 0, 90],
		[484, "PAD110_107", -487.05, -1001.85, "T", "SMD", "GND", "GND", "R", 78.74, 118.11, 0, 0, 90],
		[485, "PAD111_112", -487.05, -1127.83, "T", "SMD", "GND", "GND", "R", 78.74, 118.11, 0, 0, 90],
		[486, "PAD112_98", -487.05, -742.01, "T", "SMD", "GND", "GND", "R", 78.74, 118.11, 0, 0, 90],
		[487, "PAD113_102", -487.05, -867.99, "T", "SMD", "GND", "GND", "R", 78.74, 118.11, 0, 0, 90],
		[488, "PAD114_89", -487.05, -482.16, "T", "SMD", "GND", "GND", "R", 78.74, 118.11, 0, 0, 90],
		[489, "PAD115_94", -487.05, -608.15, "T", "SMD", "GND", "GND", "R", 78.74, 118.11, 0, 0, 90],
		[490, "PAD116_103", -1242.95, -1001.85, "T", "SMD", "GND", "GND", "R", 78.74, 118.11, 0, 0, 90],
		[491, "PAD117_108", -1242.95, -1127.83, "T", "SMD", "GND", "GND", "P", 118.11, 78.74, 0, 0, 90],
		[492, "PAD118_95", -1242.95, -742.01, "T", "SMD", "GND", "GND", "R", 78.74, 118.11, 0, 0, 90],
		[493, "PAD119_99", -1242.95, -867.99, "T", "SMD", "GND", "GND", "R", 78.74, 118.11, 0, 0, 90],
		[494, "PAD120_85", -1242.95, -482.16, "T", "SMD", "GND", "GND", "R", 78.74, 118.11, 0, 0, 90],
		[495, "PAD121_90", -1242.95, -608.15, "T", "SMD", "GND", "GND", "R", 78.74, 118.11, 0, 0, 90],
		[496, "PAD122_91", -1053.98, -608.15, "T", "SMD", "GND", "GND", "R", 78.74, 118.11, 0, 0, 90],
		[497, "PAD123_86", -1053.98, -482.16, "T", "SMD", "GND", "GND", "R", 78.74, 118.11, 0, 0, 90],
		[498, "PAD124_100", -1053.98, -867.99, "T", "SMD", "GND", "GND", "R", 78.74, 118.11, 0, 0, 90],
		[499, "PAD125_96", -1053.98, -742.01, "T", "SMD", "GND", "GND", "R", 78.74, 118.11, 0, 0, 90],
		[500, "PAD126_109", -1053.98, -1127.83, "T", "SMD", "GND", "GND", "R", 78.74, 118.11, 0, 0, 90],
		[501, "PAD127_104", -1053.98, -1001.85, "T", "SMD", "GND", "GND", "R", 78.74, 118.11, 0, 0, 90],
		[502, "PAD128_76", -928, -773.5, "T", "SMD", "GND", "GND", "R", 43.307, 43.307, 0, 0, 0],
		[503, "PAD129_1", -1636.97, -1065.16, "T", "SMD", "MAIN_RXD", "", "O", 14.331, 68.583, 0, 0, 90],
		[504, "PAD130_2", -1636.97, -1039.57, "T", "SMD", "VDD_EXT", "", "O", 14.331, 68.583, 0, 0, 90],
		[505, "PAD131_3", -1636.97, -1013.98, "T", "SMD", "MAIN_TXD", "", "O", 14.331, 68.583, 0, 0, 90],
		[506, "PAD132_4", -1636.97, -988.39, "T", "SMD", "MAIN_DTR", "", "O", 14.331, 68.583, 0, 0, 90],
		[507, "PAD133_5", -1636.97, -962.79, "T", "SMD", "MAIN_RTS", "", "O", 14.331, 68.583, 0, 0, 90],
		[508, "PAD134_6", -1636.97, -937.2, "T", "SMD", "MAIN_CTS", "", "O", 14.331, 68.583, 0, 0, 90],
		[509, "PAD135_7", -1636.97, -911.61, "T", "SMD", "MAIN_DCD", "", "O", 14.331, 68.583, 0, 0, 90],
		[510, "PAD136_8", -1636.97, -886.02, "T", "SMD", "MAIN_RI", "", "O", 14.331, 68.583, 0, 0, 90],
		[511, "PAD137_9", -1636.97, -860.43, "T", "SMD", "$1N42271", "", "O", 14.331, 68.583, 0, 0, 90],
		[512, "PAD138_10", -1636.97, -834.84, "T", "SMD", "$1N42291", "", "O", 14.331, 68.583, 0, 0, 90],
		[513, "PAD139_20", -1863.03, -1065.16, "T", "SMD", "MCU_RXD", "", "O", 14.331, 68.583, 0, 0, 90],
		[514, "PAD140_19", -1863.03, -1039.57, "T", "SMD", "MCC_VDD", "", "O", 14.331, 68.583, 0, 0, 90],
		[515, "PAD141_18", -1863.03, -1013.98, "T", "SMD", "MCU_TXD", "", "O", 14.331, 68.583, 0, 0, 90],
		[516, "PAD142_17", -1863.03, -988.39, "T", "SMD", "MCU_DTR", "", "O", 14.331, 68.583, 0, 0, 90],
		[517, "PAD143_16", -1863.03, -962.79, "T", "SMD", "MCU_RTS", "", "O", 14.331, 68.583, 0, 0, 90],
		[518, "PAD144_15", -1863.03, -937.2, "T", "SMD", "MCU_CTS", "", "O", 14.331, 68.583, 0, 0, 90],
		[519, "PAD145_14", -1863.03, -911.61, "T", "SMD", "MCU_DCD", "", "O", 14.331, 68.583, 0, 0, 90],
		[520, "PAD146_13", -1863.03, -886.02, "T", "SMD", "MCU_RI", "", "O", 14.331, 68.583, 0, 0, 90],
		[521, "PAD147_12", -1863.03, -860.43, "T", "SMD", "$1N42272", "", "O", 14.331, 68.583, 0, 0, 90],
		[522, "PAD148_11", -1863.03, -834.84, "T", "SMD", "GND", "GND", "O", 14.331, 68.583, 0, 0, 90],
		[523, "PAD149_2", -1420, -1741.475, "T", "SMD", "VBAT", "", "R", 31.496, 31.496, 0, 0, 0],
		[524, "PAD150_1", -1420, -1678.525, "T", "SMD", "$3N5937", "", "R", 31.496, 31.496, 0, 0, 0],
		[525, "PAD151_1", -1711.649, -146.5, "T", "SMD", "GND", "GND", "R", 45.276, 13.78, 0, 0, 90],
		[526, "PAD152_2", -1689.999, -140.59, "T", "SMD", "$1N56747", "", "R", 57.087, 7.874, 0, 0, 90],
		[527, "PAD153_3", -1668.349, -146.5, "T", "SMD", "VBAT", "", "R", 45.276, 13.78, 0, 0, 90],
		[528, "PAD154_4", -1660.469, -83.5, "T", "SMD", "$1N56691", "", "R", 17.717, 9.843, 0, 0, 90],
		[529, "PAD155_5", -1680.159, -83.5, "T", "SMD", "VCC(5V)", "", "R", 17.717, 9.843, 0, 0, 90],
		[530, "PAD156_6", -1699.839, -83.5, "T", "SMD", "GND", "GND", "R", 17.717, 9.843, 0, 0, 90],
		[531, "PAD157_7", -1719.529, -83.5, "T", "SMD", "VCC(5V)", "", "R", 17.717, 9.843, 0, 0, 90],
		[532, "PAD158_1", -442, -1620.2, "T", "SMD", "RSTKEY", "", "P", 24, 19, 0, 0, 180],
		[533, "PAD159_2", -498, -1619.8, "T", "SMD", "GND", "GND", "P", 24, 19, 0, 0, 180],
		[534, "PAD160_1", -1581.75, -295, "T", "SMD", "VBAT", "", "R", 59.301, 93.543, 0, 0, 0],
		[535, "PAD161_2", -1728.25, -295, "T", "SMD", "GND", "GND", "R", 59.301, 93.543, 0, 0, 0],
		[536, "PAD162_C3", -599.845, -1172.33, "B", "SMD", "SIM_CLK", "", "R", 31.496, 51.181, 0, 0, 180],
		[537, "PAD163_C7", -649.845, -1172.32, "B", "SMD", "SIM_DATA", "", "R", 31.496, 51.181, 0, 0, 180],
		[538, "PAD164_C2", -699.845, -1172.32, "B", "SMD", "SIM_RST", "", "R", 31.496, 51.181, 0, 0, 180],
		[539, "PAD165_C1", -799.845, -1172.32, "B", "SMD", "SIM_VDD", "", "R", 31.496, 51.181, 0, 0, 180],
		[540, "PAD166_C5", -849.845, -1172.32, "B", "SMD", "SIM_GND", "", "R", 25.591, 51.181, 0, 0, 180],
		[541, "PAD167_CD", -887.245, -1172.32, "B", "SMD", "SIM_DET", "", "R", 25.591, 51.181, 0, 0, 180],
		[542, "PAD168_8", -534.095, -1225.24, "B", "SMD", "GND", "GND", "R", 39.37, 82.677, 0, 0, 180],
		[543, "PAD169_9", -1045.905, -1225.24, "B", "SMD", "GND", "GND", "R", 39.37, 82.677, 0, 0, 180],
		[544, "PAD170_10", -1045.905, -1697.68, "B", "SMD", "GND", "GND", "R", 39.37, 82.677, 0, 0, 180],
		[545, "PAD171_11", -534.095, -1697.68, "B", "SMD", "GND", "GND", "R", 39.37, 82.677, 0, 0, 180],
		[546, "PAD172_1", -1523.78, -225, "T", "SMD", "VBAT", "", "R", 21.654, 11.811, 0, 0, 90],
		[547, "PAD173_2", -1496.22, -225, "T", "SMD", "GND", "GND", "R", 21.654, 11.811, 0, 0, 90],
		[548, "PAD174_B7", -1627.593, -1405.47, "T", "SMD", "$3N3620", "", "R", 11.811, 51.181, 0, 0, 270],
		[549, "PAD175_A6", -1627.593, -1425.16, "T", "SMD", "$3N3623", "", "R", 11.811, 51.181, 0, 0, 270],
		[550, "PAD176_A7", -1627.593, -1444.84, "T", "SMD", "$3N3620", "", "R", 11.811, 51.181, 0, 0, 270],
		[551, "PAD177_B6", -1627.593, -1464.53, "T", "SMD", "$3N3623", "", "R", 11.811, 51.181, 0, 0, 270],
		[552, "PAD178_A1", -1627.593, -1303.11, "T", "SMD", "GND", "GND", "R", 11.811, 51.181, 0, 0, 270],
		[553, "PAD179_B12", -1627.593, -1314.92, "T", "SMD", "GND", "GND", "R", 11.811, 51.181, 0, 0, 270],
		[554, "PAD180_A4", -1627.593, -1334.61, "T", "SMD", "VBUS", "", "R", 11.811, 51.181, 0, 0, 270],
		[555, "PAD181_B9", -1627.593, -1346.42, "T", "SMD", "VBUS", "", "R", 11.811, 51.181, 0, 0, 270],
		[556, "PAD182_B4", -1627.593, -1523.58, "T", "SMD", "VBUS", "", "R", 11.811, 51.181, 0, 0, 270],
		[557, "PAD183_A9", -1627.593, -1535.4, "T", "SMD", "VBUS", "", "R", 11.811, 51.181, 0, 0, 270],
		[558, "PAD184_B1", -1627.593, -1555.08, "T", "SMD", "GND", "GND", "R", 11.811, 51.181, 0, 0, 270],
		[559, "PAD185_A12", -1627.593, -1566.89, "T", "SMD", "GND", "GND", "R", 11.811, 51.181, 0, 0, 270],
		[560, "PAD186_2", -1635, -752.96, "T", "SMD", "GND", "GND", "R", 22.27, 21.26, 0, 0, 90],
		[561, "PAD187_1", -1635, -787.04, "T", "SMD", "$1N42291", "", "R", 22.27, 21.26, 0, 0, 90],
		[562, "PAD188_8", -1655.506, -870.003, "B", "SMD", "MCU_RI", "", "R", 31.496, 125.984, 0, 0, 90],
		[563, "PAD189_7", -1844.486, -870.003, "B", "SMD", "MCU_DCD", "", "R", 31.496, 125.984, 0, 0, 90],
		[564, "PAD190_6", -1655.506, -970.003, "B", "SMD", "MCU_CTS", "", "R", 31.496, 125.984, 0, 0, 90],
		[565, "PAD191_5", -1844.486, -970.003, "B", "SMD", "MCU_RTS", "", "R", 31.496, 125.984, 0, 0, 90],
		[566, "PAD192_4", -1655.506, -1070.003, "B", "SMD", "MCU_DTR", "", "R", 31.496, 125.984, 0, 0, 90],
		[567, "PAD193_3", -1844.486, -1070.003, "B", "SMD", "MCU_TXD", "", "R", 31.496, 125.984, 0, 0, 90],
		[568, "PAD194_2", -1655.506, -1170.003, "B", "SMD", "MCU_RXD", "", "R", 31.496, 125.984, 0, 0, 90],
		[569, "PAD195_1", -1844.486, -1170.003, "B", "SMD", "MCC_VDD", "", "R", 31.496, 125.984, 0, 0, 90],
		[570, "PAD196_2", -1205, -1.46, "T", "SMD", "$1N59", "", "R", 31.106, 21.26, 0, 0, 270],
		[571, "PAD197_1", -1205, 41.46, "T", "SMD", "GND", "GND", "R", 31.106, 21.26, 0, 0, 270],
		[572, "PAD198_2", -1145, -1.46, "T", "SMD", "RF_ANT", "", "R", 31.106, 21.26, 0, 0, 270],
		[573, "PAD199_1", -1145, 41.46, "T", "SMD", "GND", "GND", "R", 31.106, 21.26, 0, 0, 270],
		[574, "PAD200_2", -255.7648, -77.0905, "T", "SMD", "$1N62", "", "R", 31.106, 21.26, 0, 0, 0],
		[575, "PAD201_1", -298.6848, -77.0905, "T", "SMD", "GND", "GND", "R", 31.106, 21.26, 0, 0, 0],
		[576, "PAD202_2", -255.7648, -126.8705, "T", "SMD", "NET_1", "", "R", 31.106, 21.26, 0, 0, 0],
		[577, "PAD203_1", -298.6848, -126.8705, "T", "SMD", "GND", "GND", "R", 31.106, 21.26, 0, 0, 0],
		[578, "PAD204_2", -830, 16.46, "T", "SMD", "GND", "GND", "R", 31.106, 21.26, 0, 0, 90],
		[579, "PAD205_1", -830, -26.46, "T", "SMD", "$1N42256", "", "R", 31.106, 21.26, 0, 0, 90],
		[580, "PAD206_2", -880, 16.46, "T", "SMD", "GND", "GND", "R", 31.106, 21.26, 0, 0, 90],
		[581, "PAD207_1", -880, -26.46, "T", "SMD", "GNSS_ANT", "", "R", 31.106, 21.26, 0, 0, 90],
		[582, "PAD208_1", -1820, 45, "T", "DIP", "VCC(5V)", "", "C", 66.929, 66.929, 39.37, 39.37, 0],
		[583, "PAD208_1", -1820, 45, "B", "DIP", "VCC(5V)", "", "C", 66.929, 66.929, 39.37, 39.37, 0],
		[584, "PAD209_2", -1720, 45, "T", "DIP", "GND", "GND", "C", 66.929, 66.929, 39.37, 39.37, 0],
		[585, "PAD209_2", -1720, 45, "B", "DIP", "GND", "GND", "C", 66.929, 66.929, 39.37, 39.37, 0],
		[586, "PAD210_2", -1312.44, -1310.315, "B", "SMD", "$3N13600", "", "R", 15.748, 27.56, 0, 0, 270],
		[587, "PAD211_1", -1312.44, -1349.685, "B", "SMD", "NET_4", "", "R", 15.748, 27.56, 0, 0, 270],
		[588, "PAD212_3", -1367.56, -1330.005, "B", "SMD", "AP_READY", "", "R", 19.685, 27.56, 0, 0, 270],
		[589, "PAD213_1", -248.62, -1589.995, "T", "SMD", "PKEY", "", "R", 15.748, 27.56, 0, 0, 270],
		[590, "PAD214_2", -248.62, -1629.995, "T", "SMD", "GND", "GND", "R", 15.748, 27.56, 0, 0, 270],
		[591, "PAD215_3", -201.38, -1609.995, "T", "SMD", "PWRKEY", "", "R", 15.748, 27.56, 0, 0, 270],
		[592, "PAD216_1", -393.62, -1569.995, "T", "SMD", "RKEY", "", "R", 15.748, 27.56, 0, 0, 270],
		[593, "PAD217_2", -393.62, -1609.995, "T", "SMD", "GND", "GND", "R", 15.748, 27.56, 0, 0, 270],
		[594, "PAD218_3", -346.38, -1589.995, "T", "SMD", "RSTKEY", "", "R", 15.748, 27.56, 0, 0, 270],
		[595, "PAD219_1", -1283.62, -1534.995, "T", "SMD", "NW", "", "R", 15.748, 27.56, 0, 0, 270],
		[596, "PAD220_2", -1283.62, -1574.995, "T", "SMD", "GND", "GND", "R", 15.748, 27.56, 0, 0, 270],
		[597, "PAD221_3", -1236.38, -1554.995, "T", "SMD", "$3N12543", "", "R", 15.748, 27.56, 0, 0, 270],
		[598, "PAD222_1", -1551.773, -1571.9635, "T", "SMD", "STATUS", "", "R", 15.748, 27.56, 0, 0, 270],
		[599, "PAD223_2", -1551.773, -1611.9635, "T", "SMD", "GND", "GND", "R", 15.748, 27.56, 0, 0, 270],
		[600, "PAD224_3", -1504.533, -1591.9635, "T", "SMD", "$3N15666", "", "R", 15.748, 27.56, 0, 0, 270],
		[601, "PAD225_1", -1443.62, -1569.995, "T", "SMD", "NW_MODE", "", "R", 15.748, 27.56, 0, 0, 270],
		[602, "PAD226_2", -1443.62, -1609.995, "T", "SMD", "GND", "GND", "R", 15.748, 27.56, 0, 0, 270],
		[603, "PAD227_3", -1396.38, -1589.995, "T", "SMD", "$3N15711", "", "R", 15.748, 27.56, 0, 0, 270],
		[604, "PAD228_1", -1284.995, -1468.62, "B", "SMD", "NET_3", "", "R", 15.748, 27.56, 0, 0, 180],
		[605, "PAD229_2", -1324.995, -1468.62, "B", "SMD", "GND", "GND", "R", 15.748, 27.56, 0, 0, 180],
		[606, "PAD230_3", -1304.995, -1421.38, "B", "SMD", "WAKEUP_IN", "", "R", 15.748, 27.56, 0, 0, 180],
		[607, "PAD231_2", -1603.9367, -702.4322, "T", "SMD", "GND", "GND", "R", 31.106, 21.26, 0, 0, 270],
		[608, "PAD232_1", -1603.9367, -659.5122, "T", "SMD", "VBAT", "", "R", 31.106, 21.26, 0, 0, 270],
		[609, "PAD233_2", -1630, -393.54, "T", "SMD", "GND", "GND", "R", 31.106, 21.26, 0, 0, 90],
		[610, "PAD234_1", -1630, -436.46, "T", "SMD", "VBAT", "", "R", 31.106, 21.26, 0, 0, 90],
		[611, "PAD235_2", -1651.46, -1100, "T", "SMD", "VDD_EXT", "", "R", 31.106, 21.26, 0, 0, 180],
		[612, "PAD236_1", -1608.54, -1100, "T", "SMD", "GND", "GND", "R", 31.106, 21.26, 0, 0, 180],
		[613, "PAD237_2", -1651.0822, -697.5233, "T", "SMD", "GND", "GND", "R", 31.106, 21.26, 0, 0, 270],
		[614, "PAD238_1", -1651.0822, -654.6033, "T", "SMD", "VBAT", "", "R", 31.106, 21.26, 0, 0, 270],
		[615, "PAD239_2", -1677.618, -395.6305, "T", "SMD", "GND", "GND", "R", 31.106, 21.26, 0, 0, 90],
		[616, "PAD240_1", -1677.618, -438.5505, "T", "SMD", "VBAT", "", "R", 31.106, 21.26, 0, 0, 90],
		[617, "PAD241_2", -1900, -1161.46, "T", "SMD", "GND", "GND", "R", 31.106, 21.26, 0, 0, 270],
		[618, "PAD242_1", -1900, -1118.54, "T", "SMD", "MCC_VDD", "", "R", 31.106, 21.26, 0, 0, 270],
		[619, "PAD243_2", -1700.9722, -697.5233, "T", "SMD", "GND", "GND", "R", 31.106, 21.26, 0, 0, 270],
		[620, "PAD244_1", -1700.9722, -654.6033, "T", "SMD", "VBAT", "", "R", 31.106, 21.26, 0, 0, 270],
		[621, "PAD245_2", -1730, -393.54, "T", "SMD", "GND", "GND", "R", 31.106, 21.26, 0, 0, 90],
		[622, "PAD246_1", -1730, -436.46, "T", "SMD", "VBAT", "", "R", 31.106, 21.26, 0, 0, 90],
		[623, "PAD247_2", -875, -1533.54, "T", "SMD", "SIM_GND", "", "R", 31.106, 21.26, 0, 0, 90],
		[624, "PAD248_1", -875, -1576.46, "T", "SMD", "SIM_VDD", "", "R", 31.106, 21.26, 0, 0, 90],
		[625, "PAD249_2", -775, -1693.54, "T", "SMD", "SIM_CLK", "", "R", 31.106, 21.26, 0, 0, 90],
		[626, "PAD250_1", -775, -1736.46, "T", "SMD", "GND", "GND", "R", 31.106, 21.26, 0, 0, 90],
		[627, "PAD251_2", -855, -1691.46, "T", "SMD", "SIM_RST", "", "R", 31.106, 21.26, 0, 0, 270],
		[628, "PAD252_1", -855, -1648.54, "T", "SMD", "GND", "GND", "R", 31.106, 21.26, 0, 0, 270],
		[629, "PAD253_2", -202.44, -1705, "T", "SMD", "PWRKEY", "", "R", 31.496, 35.433, 0, 0, 0],
		[630, "PAD254_1", -257.56, -1705, "T", "SMD", "GND", "GND", "R", 31.496, 35.433, 0, 0, 0],
		[631, "PAD255_2", -715, -1693.54, "T", "SMD", "SIM_DATA", "", "R", 31.106, 21.26, 0, 0, 90],
		[632, "PAD256_1", -715, -1736.46, "T", "SMD", "GND", "GND", "R", 31.106, 21.26, 0, 0, 90],
		[633, "PAD257_2", -570, -33.54, "T", "SMD", "$1N68", "", "R", 31.106, 21.26, 0, 0, 90],
		[634, "PAD258_1", -570, -76.46, "T", "SMD", "GND", "GND", "R", 31.106, 21.26, 0, 0, 90],
		[635, "PAD259_2", -761.3745, -85.028, "T", "SMD", "$1N42256", "", "R", 31.496, 35.433, 0, 0, 270],
		[636, "PAD260_1", -761.3745, -29.908, "T", "SMD", "$1N42254", "", "R", 31.496, 35.433, 0, 0, 270],
		[637, "PAD261_2", -997.56, -1545, "T", "SMD", "VDD_EXT", "", "R", 31.496, 35.433, 0, 0, 180],
		[638, "PAD262_1", -942.44, -1545, "T", "SMD", "GND", "GND", "R", 31.496, 35.433, 0, 0, 180],
		[639, "PAD263_2", -1390.8802, -1436.3003, "B", "SMD", "WAKEUP_IN", "", "R", 31.496, 35.433, 0, 0, 90],
		[640, "PAD264_1", -1390.8802, -1491.4203, "B", "SMD", "GND", "GND", "R", 31.496, 35.433, 0, 0, 90],
		[641, "PAD265_2", -1375, -1266.46, "B", "SMD", "$3N13600", "", "R", 31.106, 21.26, 0, 0, 270],
		[642, "PAD266_1", -1375, -1223.54, "B", "SMD", "VDD_EXT", "", "R", 31.106, 21.26, 0, 0, 270],
		[643, "PAD267_2", -1802.56, 125, "T", "SMD", "VCC(5V)", "", "R", 31.496, 35.433, 0, 0, 180],
		[644, "PAD268_1", -1747.44, 125, "T", "SMD", "GND", "GND", "R", 31.496, 35.433, 0, 0, 180],
		[645, "PAD269_2", -1782.04, -785, "T", "SMD", "VDD_EXT", "", "R", 22.27, 21.26, 0, 0, 180],
		[646, "PAD270_1", -1747.96, -785, "T", "SMD", "$1N42291", "", "R", 22.27, 21.26, 0, 0, 180],
		[647, "PAD271_2", -1685, -787.04, "T", "SMD", "$1N42271", "", "R", 22.27, 21.26, 0, 0, 270],
		[648, "PAD272_1", -1685, -752.96, "T", "SMD", "GND", "GND", "R", 22.27, 21.26, 0, 0, 270],
		[649, "PAD273_2", -1872.04, -785, "T", "SMD", "GND", "GND", "R", 22.27, 21.26, 0, 0, 180],
		[650, "PAD274_1", -1837.96, -785, "T", "SMD", "$1N42272", "", "R", 22.27, 21.26, 0, 0, 180],
		[651, "PAD275_2", -670, -1547.96, "T", "SMD", "SIM_DET", "", "R", 22.27, 21.26, 0, 0, 90],
		[652, "PAD276_1", -670, -1582.04, "T", "SMD", "VDD_EXT", "", "R", 22.27, 21.26, 0, 0, 90],
		[653, "PAD277_2", -665, -1692.96, "T", "SMD", "SIM_DATA", "", "R", 22.27, 21.26, 0, 0, 90],
		[654, "PAD278_1", -665, -1727.04, "T", "SMD", "SIM_VDD", "", "R", 22.27, 21.26, 0, 0, 90],
		[655, "PAD279_2", -629.6865, -83.882, "T", "SMD", "$1N67", "", "R", 31.751, 34.016, 0, 0, 270],
		[656, "PAD280_1", -629.6865, -24.562, "T", "SMD", "$1N68", "", "R", 31.751, 34.016, 0, 0, 270],
		[657, "PAD281_2", -872.04, -80, "T", "SMD", "GNSS_ANT", "", "R", 22.27, 21.26, 0, 0, 180],
		[658, "PAD282_1", -837.96, -80, "T", "SMD", "$1N42256", "", "R", 22.27, 21.26, 0, 0, 180],
		[659, "PAD283_2", -1192.04, -55, "T", "SMD", "$1N59", "", "R", 22.27, 21.26, 0, 0, 180],
		[660, "PAD284_1", -1157.96, -55, "T", "SMD", "RF_ANT", "", "R", 22.27, 21.26, 0, 0, 180],
		[661, "PAD285_2", -200, -82.96, "T", "SMD", "$1N62", "", "R", 22.27, 21.26, 0, 0, 90],
		[662, "PAD286_1", -200, -117.04, "T", "SMD", "NET_1", "", "R", 22.27, 21.26, 0, 0, 90],
		[663, "PAD287_2", -1425, -1227.96, "B", "SMD", "VDD_EXT", "", "R", 22.27, 21.26, 0, 0, 90],
		[664, "PAD288_1", -1425, -1262.04, "B", "SMD", "AP_READY", "", "R", 22.27, 21.26, 0, 0, 90],
		[665, "PAD289_2", -1320, -1267.04, "B", "SMD", "$3N13600", "", "R", 22.27, 21.26, 0, 0, 270],
		[666, "PAD290_1", -1320, -1232.96, "B", "SMD", "VDD_EXT", "", "R", 22.27, 21.26, 0, 0, 270],
		[667, "PAD291_2", -1545, -110.34, "T", "SMD", "$1N56691", "", "R", 31.751, 34.016, 0, 0, 90],
		[668, "PAD292_1", -1545, -169.66, "T", "SMD", "GND", "GND", "R", 31.751, 34.016, 0, 0, 90],
		[669, "PAD293_1", -496.02, -1705, "T", "SMD", "GND", "GND", "R", 48.425, 53.543, 0, 0, 0],
		[670, "PAD294_2", -323.98, -1705, "T", "SMD", "RSTKEY", "", "R", 48.425, 53.543, 0, 0, 0]
	]
}
}